Year,Date,,Schl,Rk.,,Opp,Rk.,Outcome,,PTS,OPP,MOV,,OT
2018-19,2019-04-08,,Texas Tech,9,,Virginia,2,L,,77,85,-8,,1
2018-19,2019-04-08,,Virginia,2,,Texas Tech,9,W,,85,77,8,,1
2018-19,2019-04-06,,Auburn,14,,Virginia,2,L,,62,63,-1,,
2018-19,2019-04-06,,Virginia,2,,Auburn,14,W,,63,62,1,,
2018-19,2019-04-06,,Michigan State,5,,Texas Tech,9,L,,51,61,-10,,
2018-19,2019-04-06,,Texas Tech,9,,Michigan State,5,W,,61,51,10,,
2018-19,2019-03-31,,Auburn,14,,Kentucky,7,W,,77,71,6,,1
2018-19,2019-03-31,,Kentucky,7,,Auburn,14,L,,71,77,-6,,1
2018-19,2019-03-31,,Duke,1,,Michigan State,5,L,,67,68,-1,,
2018-19,2019-03-31,,Michigan State,5,,Duke,1,W,,68,67,1,,
2018-19,2019-03-30,,Gonzaga,4,,Texas Tech,9,L,,69,75,-6,,
2018-19,2019-03-30,,Texas Tech,9,,Gonzaga,4,W,,75,69,6,,
2018-19,2019-03-30,,Purdue,13,,Virginia,2,L,,75,80,-5,,1
2018-19,2019-03-30,,Virginia,2,,Purdue,13,W,,80,75,5,,1
2018-19,2019-03-29,,Louisiana State,12,,Michigan State,5,L,,63,80,-17,,
2018-19,2019-03-29,,Michigan State,5,,Louisiana State,12,W,,80,63,17,,
2018-19,2019-03-29,,Auburn,14,,North Carolina,3,W,,97,80,17,,
2018-19,2019-03-29,,North Carolina,3,,Auburn,14,L,,80,97,-17,,
2018-19,2019-03-29,,Duke,1,,Virginia Tech,16,W,,75,73,2,,
2018-19,2019-03-29,,Virginia Tech,16,,Duke,1,L,,73,75,-2,,
2018-19,2019-03-29,,Houston,11,,Kentucky,7,L,,58,62,-4,,
2018-19,2019-03-29,,Kentucky,7,,Houston,11,W,,62,58,4,,
2018-19,2019-03-28,,Florida State,10,,Gonzaga,4,L,,58,72,-14,,
2018-19,2019-03-28,,Gonzaga,4,,Florida State,10,W,,72,58,14,,
2018-19,2019-03-28,,Purdue,13,,Tennessee,6,W,,99,94,5,,1
2018-19,2019-03-28,,Tennessee,6,,Purdue,13,L,,94,99,-5,,1
2018-19,2019-03-28,,Michigan,8,,Texas Tech,9,L,,44,63,-19,,
2018-19,2019-03-28,,Texas Tech,9,,Michigan,8,W,,63,44,19,,
2018-19,2019-03-28,,Oregon,,,Virginia,2,L,,49,53,-4,,
2018-19,2019-03-28,,Virginia,2,,Oregon,,W,,53,49,4,,
2018-19,2019-03-24,,Iowa,,,Tennessee,6,L,,77,83,-6,,1
2018-19,2019-03-24,,Tennessee,6,,Iowa,,W,,83,77,6,,1
2018-19,2019-03-24,,North Carolina,3,,Washington,,W,,81,59,22,,
2018-19,2019-03-24,,Washington,,,North Carolina,3,L,,59,81,-22,,
2018-19,2019-03-24,,Central Florida,,,Duke,1,L,,76,77,-1,,
2018-19,2019-03-24,,Duke,1,,Central Florida,,W,,77,76,1,,
2018-19,2019-03-24,,Buffalo,15,,Texas Tech,9,L,,58,78,-20,,
2018-19,2019-03-24,,Texas Tech,9,,Buffalo,15,W,,78,58,20,,
2018-19,2019-03-24,,Oklahoma,,,Virginia,2,L,,51,63,-12,,
2018-19,2019-03-24,,Virginia,2,,Oklahoma,,W,,63,51,12,,
2018-19,2019-03-24,,Liberty,,,Virginia Tech,16,L,,58,67,-9,,
2018-19,2019-03-24,,Virginia Tech,16,,Liberty,,W,,67,58,9,,
2018-19,2019-03-24,,Houston,11,,Ohio State,,W,,74,59,15,,
2018-19,2019-03-24,,Ohio State,,,Houston,11,L,,59,74,-15,,
2018-19,2019-03-24,,UC-Irvine,,,Oregon,,L,,54,73,-19,,
2018-19,2019-03-24,,Oregon,,,UC-Irvine,,W,,73,54,19,,
2018-19,2019-03-23,,Louisiana State,12,,Maryland,,W,,69,67,2,,
2018-19,2019-03-23,,Maryland,,,Louisiana State,12,L,,67,69,-2,,
2018-19,2019-03-23,,Kentucky,7,,Wofford,19,W,,62,56,6,,
2018-19,2019-03-23,,Wofford,19,,Kentucky,7,L,,56,62,-6,,
2018-19,2019-03-23,,Florida,,,Michigan,8,L,,49,64,-15,,
2018-19,2019-03-23,,Michigan,8,,Florida,,W,,64,49,15,,
2018-19,2019-03-23,,Florida State,10,,Murray State,,W,,90,62,28,,
2018-19,2019-03-23,,Murray State,,,Florida State,10,L,,62,90,-28,,
2018-19,2019-03-23,,Baylor,,,Gonzaga,4,L,,71,83,-12,,
2018-19,2019-03-23,,Gonzaga,4,,Baylor,,W,,83,71,12,,
2018-19,2019-03-23,,Michigan State,5,,Minnesota,,W,,70,50,20,,
2018-19,2019-03-23,,Minnesota,,,Michigan State,5,L,,50,70,-20,,
2018-19,2019-03-23,,Purdue,13,,Villanova,23,W,,87,61,26,,
2018-19,2019-03-23,,Villanova,23,,Purdue,13,L,,61,87,-26,,
2018-19,2019-03-23,,Auburn,14,,Kansas,17,W,,89,75,14,,
2018-19,2019-03-23,,Kansas,17,,Auburn,14,L,,75,89,-14,,
2018-19,2019-03-22,,Cincinnati,22,,Iowa,,L,,72,79,-7,,
2018-19,2019-03-22,,Iowa,,,Cincinnati,22,W,,79,72,7,,
2018-19,2019-03-22,,Mississippi,,,Oklahoma,,L,,72,95,-23,,
2018-19,2019-03-22,,Oklahoma,,,Mississippi,,W,,95,72,23,,
2018-19,2019-03-22,,Northern Kentucky,,,Texas Tech,9,L,,57,72,-15,,
2018-19,2019-03-22,,Texas Tech,9,,Northern Kentucky,,W,,72,57,15,,
2018-19,2019-03-22,,UC-Irvine,,,Kansas State,18,W,,70,64,6,,
2018-19,2019-03-22,,Kansas State,18,,UC-Irvine,,L,,64,70,-6,,
2018-19,2019-03-22,,Colgate,,,Tennessee,6,L,,70,77,-7,,
2018-19,2019-03-22,,Tennessee,6,,Colgate,,W,,77,70,7,,
2018-19,2019-03-22,,Gardner-Webb,,,Virginia,2,L,,56,71,-15,,
2018-19,2019-03-22,,Virginia,2,,Gardner-Webb,,W,,71,56,15,,
2018-19,2019-03-22,,Arizona State,,,Buffalo,15,L,,74,91,-17,,
2018-19,2019-03-22,,Buffalo,15,,Arizona State,,W,,91,74,17,,
2018-19,2019-03-22,,Oregon,,,Wisconsin,21,W,,72,54,18,,
2018-19,2019-03-22,,Wisconsin,21,,Oregon,,L,,54,72,-18,,
2018-19,2019-03-22,,Utah State,25,,Washington,,L,,61,78,-17,,
2018-19,2019-03-22,,Washington,,,Utah State,25,W,,78,61,17,,
2018-19,2019-03-22,,Duke,1,,North Dakota State,,W,,85,62,23,,
2018-19,2019-03-22,,North Dakota State,,,Duke,1,L,,62,85,-23,,
2018-19,2019-03-22,,Georgia State,,,Houston,11,L,,55,84,-29,,
2018-19,2019-03-22,,Houston,11,,Georgia State,,W,,84,55,29,,
2018-19,2019-03-22,,Liberty,,,Mississippi State,,W,,80,76,4,,
2018-19,2019-03-22,,Mississippi State,,,Liberty,,L,,76,80,-4,,
2018-19,2019-03-22,,Iowa State,24,,Ohio State,,L,,59,62,-3,,
2018-19,2019-03-22,,Ohio State,,,Iowa State,24,W,,62,59,3,,
2018-19,2019-03-22,,Iona,,,North Carolina,3,L,,73,88,-15,,
2018-19,2019-03-22,,North Carolina,3,,Iona,,W,,88,73,15,,
2018-19,2019-03-22,,Central Florida,,,Virginia Commonwealth,,W,,73,58,15,,
2018-19,2019-03-22,,Virginia Commonwealth,,,Central Florida,,L,,58,73,-15,,
2018-19,2019-03-22,,Saint Louis,,,Virginia Tech,16,L,,52,66,-14,,
2018-19,2019-03-22,,Virginia Tech,16,,Saint Louis,,W,,66,52,14,,
2018-19,2019-03-21,,Louisiana State,12,,Yale,,W,,79,74,5,,
2018-19,2019-03-21,,Yale,,,Louisiana State,12,L,,74,79,-5,,
2018-19,2019-03-21,,Louisville,,,Minnesota,,L,,76,86,-10,,
2018-19,2019-03-21,,Minnesota,,,Louisville,,W,,86,76,10,,
2018-19,2019-03-21,,Auburn,14,,New Mexico State,,W,,78,77,1,,
2018-19,2019-03-21,,New Mexico State,,,Auburn,14,L,,77,78,-1,,
2018-19,2019-03-21,,Florida State,10,,Vermont,,W,,76,69,7,,
2018-19,2019-03-21,,Vermont,,,Florida State,10,L,,69,76,-7,,
2018-19,2019-03-21,,Bradley,,,Michigan State,5,L,,65,76,-11,,
2018-19,2019-03-21,,Michigan State,5,,Bradley,,W,,76,65,11,,
2018-19,2019-03-21,,Belmont,,,Maryland,,L,,77,79,-2,,
2018-19,2019-03-21,,Maryland,,,Belmont,,W,,79,77,2,,
2018-19,2019-03-21,,Kansas,17,,Northeastern,,W,,87,53,34,,
2018-19,2019-03-21,,Northeastern,,,Kansas,17,L,,53,87,-34,,
2018-19,2019-03-21,,Marquette,,,Murray State,,L,,64,83,-19,,
2018-19,2019-03-21,,Murray State,,,Marquette,,W,,83,64,19,,
2018-19,2019-03-21,,Florida,,,Nevada,20,W,,70,61,9,,
2018-19,2019-03-21,,Nevada,20,,Florida,,L,,61,70,-9,,
2018-19,2019-03-21,,Fairleigh Dickinson,,,Gonzaga,4,L,,49,87,-38,,
2018-19,2019-03-21,,Gonzaga,4,,Fairleigh Dickinson,,W,,87,49,38,,
2018-19,2019-03-21,,Abilene Christian,,,Kentucky,7,L,,44,79,-35,,
2018-19,2019-03-21,,Kentucky,7,,Abilene Christian,,W,,79,44,35,,
2018-19,2019-03-21,,Saint Mary's (CA),,,Villanova,23,L,,57,61,-4,,
2018-19,2019-03-21,,Villanova,23,,Saint Mary's (CA),,W,,61,57,4,,
2018-19,2019-03-21,,Michigan,8,,Montana,,W,,74,55,19,,
2018-19,2019-03-21,,Montana,,,Michigan,8,L,,55,74,-19,,
2018-19,2019-03-21,,Old Dominion,,,Purdue,13,L,,48,61,-13,,
2018-19,2019-03-21,,Purdue,13,,Old Dominion,,W,,61,48,13,,
2018-19,2019-03-21,,Baylor,,,Syracuse,,W,,78,69,9,,
2018-19,2019-03-21,,Syracuse,,,Baylor,,L,,69,78,-9,,
2018-19,2019-03-21,,Seton Hall,,,Wofford,19,L,,68,84,-16,,
2018-19,2019-03-21,,Wofford,19,,Seton Hall,,W,,84,68,16,,
2018-19,2019-03-20,,North Carolina Central,,,North Dakota State,,L,,74,78,-4,,
2018-19,2019-03-20,,North Dakota State,,,North Carolina Central,,W,,78,74,4,,
2018-19,2019-03-20,,Arizona State,,,St. John's (NY),,W,,74,65,9,,
2018-19,2019-03-20,,St. John's (NY),,,Arizona State,,L,,65,74,-9,,
2018-19,2019-03-19,,Fairleigh Dickinson,,,Prairie View,,W,,82,76,6,,
2018-19,2019-03-19,,Prairie View,,,Fairleigh Dickinson,,L,,76,82,-6,,
2018-19,2019-03-19,,Belmont,,,Temple,,W,,81,70,11,,
2018-19,2019-03-19,,Temple,,,Belmont,,L,,70,81,-11,,
2017-18,2018-04-02,,Michigan,7,,Villanova,2,L,,62,79,-17,,
2017-18,2018-04-02,,Villanova,2,,Michigan,7,W,,79,62,17,,
2017-18,2018-03-31,,Loyola (IL),,,Michigan,7,L,,57,69,-12,,
2017-18,2018-03-31,,Michigan,7,,Loyola (IL),,W,,69,57,12,,
2017-18,2018-03-31,,Kansas,4,,Villanova,2,L,,79,95,-16,,
2017-18,2018-03-31,,Villanova,2,,Kansas,4,W,,95,79,16,,
2017-18,2018-03-25,,Texas Tech,14,,Villanova,2,L,,59,71,-12,,
2017-18,2018-03-25,,Villanova,2,,Texas Tech,14,W,,71,59,12,,
2017-18,2018-03-25,,Duke,9,,Kansas,4,L,,81,85,-4,,1
2017-18,2018-03-25,,Kansas,4,,Duke,9,W,,85,81,4,,1
2017-18,2018-03-24,,Kansas State,,,Loyola (IL),,L,,62,78,-16,,
2017-18,2018-03-24,,Loyola (IL),,,Kansas State,,W,,78,62,16,,
2017-18,2018-03-24,,Florida State,,,Michigan,7,L,,54,58,-4,,
2017-18,2018-03-24,,Michigan,7,,Florida State,,W,,58,54,4,,
2017-18,2018-03-23,,Clemson,20,,Kansas,4,L,,76,80,-4,,
2017-18,2018-03-23,,Kansas,4,,Clemson,20,W,,80,76,4,,
2017-18,2018-03-23,,Villanova,2,,West Virginia,15,W,,90,78,12,,
2017-18,2018-03-23,,West Virginia,15,,Villanova,2,L,,78,90,-12,,
2017-18,2018-03-23,,Duke,9,,Syracuse,,W,,69,65,4,,
2017-18,2018-03-23,,Syracuse,,,Duke,9,L,,65,69,-4,,
2017-18,2018-03-23,,Purdue,11,,Texas Tech,14,L,,65,78,-13,,
2017-18,2018-03-23,,Texas Tech,14,,Purdue,11,W,,78,65,13,,
2017-18,2018-03-22,,Michigan,7,,Texas A&M,,W,,99,72,27,,
2017-18,2018-03-22,,Texas A&M,,,Michigan,7,L,,72,99,-27,,
2017-18,2018-03-22,,Loyola (IL),,,Nevada,24,W,,69,68,1,,
2017-18,2018-03-22,,Nevada,24,,Loyola (IL),,L,,68,69,-1,,
2017-18,2018-03-22,,Kansas State,,,Kentucky,18,W,,61,58,3,,
2017-18,2018-03-22,,Kentucky,18,,Kansas State,,L,,58,61,-3,,
2017-18,2018-03-22,,Florida State,,,Gonzaga,8,W,,75,60,15,,
2017-18,2018-03-22,,Gonzaga,8,,Florida State,,L,,60,75,-15,,
2017-18,2018-03-18,,Butler,,,Purdue,11,L,,73,76,-3,,
2017-18,2018-03-18,,Purdue,11,,Butler,,W,,76,73,3,,
2017-18,2018-03-18,,Michigan State,5,,Syracuse,,L,,53,55,-2,,
2017-18,2018-03-18,,Syracuse,,,Michigan State,5,W,,55,53,2,,
2017-18,2018-03-18,,North Carolina,10,,Texas A&M,,L,,65,86,-21,,
2017-18,2018-03-18,,Texas A&M,,,North Carolina,10,W,,86,65,21,,
2017-18,2018-03-18,,Cincinnati,6,,Nevada,24,L,,73,75,-2,,
2017-18,2018-03-18,,Nevada,24,,Cincinnati,6,W,,75,73,2,,
2017-18,2018-03-18,,Auburn,19,,Clemson,20,L,,53,84,-31,,
2017-18,2018-03-18,,Clemson,20,,Auburn,19,W,,84,53,31,,
2017-18,2018-03-18,,Kansas State,,,Maryland-Baltimore County,,W,,50,43,7,,
2017-18,2018-03-18,,Maryland-Baltimore County,,,Kansas State,,L,,43,50,-7,,
2017-18,2018-03-18,,Florida State,,,Xavier,3,W,,75,70,5,,
2017-18,2018-03-18,,Xavier,3,,Florida State,,L,,70,75,-5,,
2017-18,2018-03-18,,Marshall,,,West Virginia,15,L,,71,94,-23,,
2017-18,2018-03-18,,West Virginia,15,,Marshall,,W,,94,71,23,,
2017-18,2018-03-17,,Alabama,,,Villanova,2,L,,58,81,-23,,
2017-18,2018-03-17,,Villanova,2,,Alabama,,W,,81,58,23,,
2017-18,2018-03-17,,Duke,9,,Rhode Island,,W,,87,62,25,,
2017-18,2018-03-17,,Rhode Island,,,Duke,9,L,,62,87,-25,,
2017-18,2018-03-17,,Buffalo,,,Kentucky,18,L,,75,95,-20,,
2017-18,2018-03-17,,Kentucky,18,,Buffalo,,W,,95,75,20,,
2017-18,2018-03-17,,Loyola (IL),,,Tennessee,13,W,,63,62,1,,
2017-18,2018-03-17,,Tennessee,13,,Loyola (IL),,L,,62,63,-1,,
2017-18,2018-03-17,,Gonzaga,8,,Ohio State,17,W,,90,84,6,,
2017-18,2018-03-17,,Ohio State,17,,Gonzaga,8,L,,84,90,-6,,
2017-18,2018-03-17,,Kansas,4,,Seton Hall,,W,,83,79,4,,
2017-18,2018-03-17,,Seton Hall,,,Kansas,4,L,,79,83,-4,,
2017-18,2018-03-17,,Florida,23,,Texas Tech,14,L,,66,69,-3,,
2017-18,2018-03-17,,Texas Tech,14,,Florida,23,W,,69,66,3,,
2017-18,2018-03-17,,Houston,21,,Michigan,7,L,,63,64,-1,,
2017-18,2018-03-17,,Michigan,7,,Houston,21,W,,64,63,1,,
2017-18,2018-03-16,,Cal State Fullerton,,,Purdue,11,L,,48,74,-26,,
2017-18,2018-03-16,,Purdue,11,,Cal State Fullerton,,W,,74,48,26,,
2017-18,2018-03-16,,Providence,,,Texas A&M,,L,,69,73,-4,,
2017-18,2018-03-16,,Texas A&M,,,Providence,,W,,73,69,4,,
2017-18,2018-03-16,,Marshall,,,Wichita State,16,W,,81,75,6,,
2017-18,2018-03-16,,Wichita State,16,,Marshall,,L,,75,81,-6,,
2017-18,2018-03-16,,Cincinnati,6,,Georgia State,,W,,68,53,15,,
2017-18,2018-03-16,,Georgia State,,,Cincinnati,6,L,,53,68,-15,,
2017-18,2018-03-16,,Lipscomb,,,North Carolina,10,L,,66,84,-18,,
2017-18,2018-03-16,,North Carolina,10,,Lipscomb,,W,,84,66,18,,
2017-18,2018-03-16,,Arkansas,,,Butler,,L,,62,79,-17,,
2017-18,2018-03-16,,Butler,,,Arkansas,,W,,79,62,17,,
2017-18,2018-03-16,,Nevada,24,,Texas,,W,,87,83,4,,1
2017-18,2018-03-16,,Texas,,,Nevada,24,L,,83,87,-4,,1
2017-18,2018-03-16,,Murray State,,,West Virginia,15,L,,68,85,-17,,
2017-18,2018-03-16,,West Virginia,15,,Murray State,,W,,85,68,17,,
2017-18,2018-03-16,,Creighton,,,Kansas State,,L,,59,69,-10,,
2017-18,2018-03-16,,Kansas State,,,Creighton,,W,,69,59,10,,
2017-18,2018-03-16,,Auburn,19,,College of Charleston,,W,,62,58,4,,
2017-18,2018-03-16,,College of Charleston,,,Auburn,19,L,,58,62,-4,,
2017-18,2018-03-16,,Bucknell,,,Michigan State,5,L,,78,82,-4,,
2017-18,2018-03-16,,Michigan State,5,,Bucknell,,W,,82,78,4,,
2017-18,2018-03-16,,Texas Southern,,,Xavier,3,L,,83,102,-19,,
2017-18,2018-03-16,,Xavier,3,,Texas Southern,,W,,102,83,19,,
2017-18,2018-03-16,,Clemson,20,,New Mexico State,,W,,79,68,11,,
2017-18,2018-03-16,,New Mexico State,,,Clemson,20,L,,68,79,-11,,
2017-18,2018-03-16,,Florida State,,,Missouri,,W,,67,54,13,,
2017-18,2018-03-16,,Missouri,,,Florida State,,L,,54,67,-13,,
2017-18,2018-03-16,,Syracuse,,,Texas Christian,,W,,57,52,5,,
2017-18,2018-03-16,,Texas Christian,,,Syracuse,,L,,52,57,-5,,
2017-18,2018-03-16,,Maryland-Baltimore County,,,Virginia,1,W,,74,54,20,,
2017-18,2018-03-16,,Virginia,1,,Maryland-Baltimore County,,L,,54,74,-20,,
2017-18,2018-03-15,,Oklahoma,,,Rhode Island,,L,,78,83,-5,,1
2017-18,2018-03-15,,Rhode Island,,,Oklahoma,,W,,83,78,5,,1
2017-18,2018-03-15,,Tennessee,13,,Wright State,,W,,73,47,26,,
2017-18,2018-03-15,,Wright State,,,Tennessee,13,L,,47,73,-26,,
2017-18,2018-03-15,,Gonzaga,8,,North Carolina-Greensboro,,W,,68,64,4,,
2017-18,2018-03-15,,North Carolina-Greensboro,,,Gonzaga,8,L,,64,68,-4,,
2017-18,2018-03-15,,Duke,9,,Iona,,W,,89,67,22,,
2017-18,2018-03-15,,Iona,,,Duke,9,L,,67,89,-22,,
2017-18,2018-03-15,,Kansas,4,,Pennsylvania,,W,,76,60,16,,
2017-18,2018-03-15,,Pennsylvania,,,Kansas,4,L,,60,76,-16,,
2017-18,2018-03-15,,Loyola (IL),,,Miami (FL),22,W,,64,62,2,,
2017-18,2018-03-15,,Miami (FL),22,,Loyola (IL),,L,,62,64,-2,,
2017-18,2018-03-15,,Ohio State,17,,South Dakota State,,W,,81,73,8,,
2017-18,2018-03-15,,South Dakota State,,,Ohio State,17,L,,73,81,-8,,
2017-18,2018-03-15,,North Carolina State,,,Seton Hall,,L,,83,94,-11,,
2017-18,2018-03-15,,Seton Hall,,,North Carolina State,,W,,94,83,11,,
2017-18,2018-03-15,,Radford,,,Villanova,2,L,,61,87,-26,,
2017-18,2018-03-15,,Villanova,2,,Radford,,W,,87,61,26,,
2017-18,2018-03-15,,Houston,21,,San Diego State,,W,,67,65,2,,
2017-18,2018-03-15,,San Diego State,,,Houston,21,L,,65,67,-2,,
2017-18,2018-03-15,,Davidson,,,Kentucky,18,L,,73,78,-5,,
2017-18,2018-03-15,,Kentucky,18,,Davidson,,W,,78,73,5,,
2017-18,2018-03-15,,Stephen F. Austin,,,Texas Tech,14,L,,60,70,-10,,
2017-18,2018-03-15,,Texas Tech,14,,Stephen F. Austin,,W,,70,60,10,,
2017-18,2018-03-15,,Arizona,12,,Buffalo,,L,,68,89,-21,,
2017-18,2018-03-15,,Buffalo,,,Arizona,12,W,,89,68,21,,
2017-18,2018-03-15,,Florida,23,,St. Bonaventure,,W,,77,62,15,,
2017-18,2018-03-15,,St. Bonaventure,,,Florida,23,L,,62,77,-15,,
2017-18,2018-03-15,,Michigan,7,,Montana,,W,,61,47,14,,
2017-18,2018-03-15,,Montana,,,Michigan,7,L,,47,61,-14,,
2017-18,2018-03-15,,Alabama,,,Virginia Tech,,W,,86,83,3,,
2017-18,2018-03-15,,Virginia Tech,,,Alabama,,L,,83,86,-3,,
2017-18,2018-03-14,,North Carolina Central,,,Texas Southern,,L,,46,64,-18,,
2017-18,2018-03-14,,Texas Southern,,,North Carolina Central,,W,,64,46,18,,
2017-18,2018-03-14,,Arizona State,,,Syracuse,,L,,56,60,-4,,
2017-18,2018-03-14,,Syracuse,,,Arizona State,,W,,60,56,4,,
2017-18,2018-03-13,,Long Island University,,,Radford,,L,,61,71,-10,,
2017-18,2018-03-13,,Radford,,,Long Island University,,W,,71,61,10,,
2017-18,2018-03-13,,St. Bonaventure,,,UCLA,,W,,65,58,7,,
2017-18,2018-03-13,,UCLA,,,St. Bonaventure,,L,,58,65,-7,,
2016-17,2017-04-03,,Gonzaga,2,,North Carolina,6,L,,65,71,-6,,
2016-17,2017-04-03,,North Carolina,6,,Gonzaga,2,W,,71,65,6,,
2016-17,2017-04-01,,Gonzaga,2,,South Carolina,,W,,77,73,4,,
2016-17,2017-04-01,,South Carolina,,,Gonzaga,2,L,,73,77,-4,,
2016-17,2017-04-01,,North Carolina,6,,Oregon,9,W,,77,76,1,,
2016-17,2017-04-01,,Oregon,9,,North Carolina,6,L,,76,77,-1,,
2016-17,2017-03-26,,Florida,20,,South Carolina,,L,,70,77,-7,,
2016-17,2017-03-26,,South Carolina,,,Florida,20,W,,77,70,7,,
2016-17,2017-03-26,,Kentucky,5,,North Carolina,6,L,,73,75,-2,,
2016-17,2017-03-26,,North Carolina,6,,Kentucky,5,W,,75,73,2,,
2016-17,2017-03-25,,Gonzaga,2,,Xavier,,W,,83,59,24,,
2016-17,2017-03-25,,Xavier,,,Gonzaga,2,L,,59,83,-24,,
2016-17,2017-03-25,,Kansas,3,,Oregon,9,L,,60,74,-14,,
2016-17,2017-03-25,,Oregon,9,,Kansas,3,W,,74,60,14,,
2016-17,2017-03-24,,Baylor,12,,South Carolina,,L,,50,70,-20,,
2016-17,2017-03-24,,South Carolina,,,Baylor,12,W,,70,50,20,,
2016-17,2017-03-24,,Florida,20,,Wisconsin,25,W,,84,83,1,,1
2016-17,2017-03-24,,Wisconsin,25,,Florida,20,L,,83,84,-1,,1
2016-17,2017-03-24,,Kentucky,5,,UCLA,8,W,,86,75,11,,
2016-17,2017-03-24,,UCLA,8,,Kentucky,5,L,,75,86,-11,,
2016-17,2017-03-24,,Butler,21,,North Carolina,6,L,,80,92,-12,,
2016-17,2017-03-24,,North Carolina,6,,Butler,21,W,,92,80,12,,
2016-17,2017-03-23,,Arizona,4,,Xavier,,L,,71,73,-2,,
2016-17,2017-03-23,,Xavier,,,Arizona,4,W,,73,71,2,,
2016-17,2017-03-23,,Gonzaga,2,,West Virginia,13,W,,61,58,3,,
2016-17,2017-03-23,,West Virginia,13,,Gonzaga,2,L,,58,61,-3,,
2016-17,2017-03-23,,Kansas,3,,Purdue,15,W,,98,66,32,,
2016-17,2017-03-23,,Purdue,15,,Kansas,3,L,,66,98,-32,,
2016-17,2017-03-23,,Michigan,23,,Oregon,9,L,,68,69,-1,,
2016-17,2017-03-23,,Oregon,9,,Michigan,23,W,,69,68,1,,
2016-17,2017-03-19,,Baylor,12,,Southern California,,W,,82,78,4,,
2016-17,2017-03-19,,Southern California,,,Baylor,12,L,,78,82,-4,,
2016-17,2017-03-19,,Duke,7,,South Carolina,,L,,81,88,-7,,
2016-17,2017-03-19,,South Carolina,,,Duke,7,W,,88,81,7,,
2016-17,2017-03-19,,Kansas,3,,Michigan State,,W,,90,70,20,,
2016-17,2017-03-19,,Michigan State,,,Kansas,3,L,,70,90,-20,,
2016-17,2017-03-19,,Kentucky,5,,Wichita State,19,W,,65,62,3,,
2016-17,2017-03-19,,Wichita State,19,,Kentucky,5,L,,62,65,-3,,
2016-17,2017-03-19,,Louisville,10,,Michigan,23,L,,69,73,-4,,
2016-17,2017-03-19,,Michigan,23,,Louisville,10,W,,73,69,4,,
2016-17,2017-03-19,,Arkansas,,,North Carolina,6,L,,65,72,-7,,
2016-17,2017-03-19,,North Carolina,6,,Arkansas,,W,,72,65,7,,
2016-17,2017-03-19,,Oregon,9,,Rhode Island,,W,,75,72,3,,
2016-17,2017-03-19,,Rhode Island,,,Oregon,9,L,,72,75,-3,,
2016-17,2017-03-19,,Cincinnati,18,,UCLA,8,L,,67,79,-12,,
2016-17,2017-03-19,,UCLA,8,,Cincinnati,18,W,,79,67,12,,
2016-17,2017-03-18,,Arizona,4,,Saint Mary's (CA),22,W,,69,60,9,,
2016-17,2017-03-18,,Saint Mary's (CA),22,,Arizona,4,L,,60,69,-9,,
2016-17,2017-03-18,,Butler,21,,Middle Tennessee,,W,,74,65,9,,
2016-17,2017-03-18,,Middle Tennessee,,,Butler,21,L,,65,74,-9,,
2016-17,2017-03-18,,Florida,20,,Virginia,24,W,,65,39,26,,
2016-17,2017-03-18,,Virginia,24,,Florida,20,L,,39,65,-26,,
2016-17,2017-03-18,,Florida State,16,,Xavier,,L,,66,91,-25,,
2016-17,2017-03-18,,Xavier,,,Florida State,16,W,,91,66,25,,
2016-17,2017-03-18,,Gonzaga,2,,Northwestern,,W,,79,73,6,,
2016-17,2017-03-18,,Northwestern,,,Gonzaga,2,L,,73,79,-6,,
2016-17,2017-03-18,,Iowa State,16,,Purdue,15,L,,76,80,-4,,
2016-17,2017-03-18,,Purdue,15,,Iowa State,16,W,,80,76,4,,
2016-17,2017-03-18,,Villanova,1,,Wisconsin,25,L,,62,65,-3,,
2016-17,2017-03-18,,Wisconsin,25,,Villanova,1,W,,65,62,3,,
2016-17,2017-03-18,,Notre Dame,14,,West Virginia,13,L,,71,83,-12,,
2016-17,2017-03-18,,West Virginia,13,,Notre Dame,14,W,,83,71,12,,
2016-17,2017-03-17,,Arkansas,,,Seton Hall,,W,,77,71,6,,
2016-17,2017-03-17,,Seton Hall,,,Arkansas,,L,,71,77,-6,,
2016-17,2017-03-17,,Baylor,12,,New Mexico State,,W,,91,73,18,,
2016-17,2017-03-17,,New Mexico State,,,Baylor,12,L,,73,91,-18,,
2016-17,2017-03-17,,Cincinnati,18,,Kansas State,,W,,75,61,14,,
2016-17,2017-03-17,,Kansas State,,,Cincinnati,18,L,,61,75,-14,,
2016-17,2017-03-17,,Creighton,,,Rhode Island,,L,,72,84,-12,,
2016-17,2017-03-17,,Rhode Island,,,Creighton,,W,,84,72,12,,
2016-17,2017-03-17,,Dayton,,,Wichita State,19,L,,58,64,-6,,
2016-17,2017-03-17,,Wichita State,19,,Dayton,,W,,64,58,6,,
2016-17,2017-03-17,,Duke,7,,Troy,,W,,87,65,22,,
2016-17,2017-03-17,,Troy,,,Duke,7,L,,65,87,-22,,
2016-17,2017-03-17,,UC-Davis,,,Kansas,3,L,,62,100,-38,,
2016-17,2017-03-17,,Kansas,3,,UC-Davis,,W,,100,62,38,,
2016-17,2017-03-17,,Kentucky,5,,Northern Kentucky,,W,,79,70,9,,
2016-17,2017-03-17,,Northern Kentucky,,,Kentucky,5,L,,70,79,-9,,
2016-17,2017-03-17,,Jacksonville State,,,Louisville,10,L,,63,78,-15,,
2016-17,2017-03-17,,Louisville,10,,Jacksonville State,,W,,78,63,15,,
2016-17,2017-03-17,,Miami (FL),,,Michigan State,,L,,58,78,-20,,
2016-17,2017-03-17,,Michigan State,,,Miami (FL),,W,,78,58,20,,
2016-17,2017-03-17,,Michigan,23,,Oklahoma State,,W,,92,91,1,,
2016-17,2017-03-17,,Oklahoma State,,,Michigan,23,L,,91,92,-1,,
2016-17,2017-03-17,,North Carolina,6,,Texas Southern,,W,,103,64,39,,
2016-17,2017-03-17,,Texas Southern,,,North Carolina,6,L,,64,103,-39,,
2016-17,2017-03-17,,Iona,,,Oregon,9,L,,77,93,-16,,
2016-17,2017-03-17,,Oregon,9,,Iona,,W,,93,77,16,,
2016-17,2017-03-17,,Marquette,,,South Carolina,,L,,73,93,-20,,
2016-17,2017-03-17,,South Carolina,,,Marquette,,W,,93,73,20,,
2016-17,2017-03-17,,Southern California,,,Southern Methodist,11,W,,66,65,1,,
2016-17,2017-03-17,,Southern Methodist,11,,Southern California,,L,,65,66,-1,,
2016-17,2017-03-17,,Kent State,,,UCLA,8,L,,80,97,-17,,
2016-17,2017-03-17,,UCLA,8,,Kent State,,W,,97,80,17,,
2016-17,2017-03-16,,Arizona,4,,North Dakota,,W,,100,82,18,,
2016-17,2017-03-16,,North Dakota,,,Arizona,4,L,,82,100,-18,,
2016-17,2017-03-16,,Butler,21,,Winthrop,,W,,76,64,12,,
2016-17,2017-03-16,,Winthrop,,,Butler,21,L,,64,76,-12,,
2016-17,2017-03-16,,East Tennessee State,,,Florida,20,L,,65,80,-15,,
2016-17,2017-03-16,,Florida,20,,East Tennessee State,,W,,80,65,15,,
2016-17,2017-03-16,,Florida Gulf Coast,,,Florida State,16,L,,80,86,-6,,
2016-17,2017-03-16,,Florida State,16,,Florida Gulf Coast,,W,,86,80,6,,
2016-17,2017-03-16,,Gonzaga,2,,South Dakota State,,W,,66,46,20,,
2016-17,2017-03-16,,South Dakota State,,,Gonzaga,2,L,,46,66,-20,,
2016-17,2017-03-16,,Iowa State,16,,Nevada,,W,,84,73,11,,
2016-17,2017-03-16,,Nevada,,,Iowa State,16,L,,73,84,-11,,
2016-17,2017-03-16,,Maryland,,,Xavier,,L,,65,76,-11,,
2016-17,2017-03-16,,Xavier,,,Maryland,,W,,76,65,11,,
2016-17,2017-03-16,,Middle Tennessee,,,Minnesota,,W,,81,72,9,,
2016-17,2017-03-16,,Minnesota,,,Middle Tennessee,,L,,72,81,-9,,
2016-17,2017-03-16,,Northwestern,,,Vanderbilt,,W,,68,66,2,,
2016-17,2017-03-16,,Vanderbilt,,,Northwestern,,L,,66,68,-2,,
2016-17,2017-03-16,,Notre Dame,14,,Princeton,,W,,60,58,2,,
2016-17,2017-03-16,,Princeton,,,Notre Dame,14,L,,58,60,-2,,
2016-17,2017-03-16,,Purdue,15,,Vermont,,W,,80,70,10,,
2016-17,2017-03-16,,Vermont,,,Purdue,15,L,,70,80,-10,,
2016-17,2017-03-16,,Saint Mary's (CA),22,,Virginia Commonwealth,,W,,85,77,8,,
2016-17,2017-03-16,,Virginia Commonwealth,,,Saint Mary's (CA),22,L,,77,85,-8,,
2016-17,2017-03-16,,Mount St. Mary's,,,Villanova,1,L,,56,76,-20,,
2016-17,2017-03-16,,Villanova,1,,Mount St. Mary's,,W,,76,56,20,,
2016-17,2017-03-16,,North Carolina-Wilmington,,,Virginia,24,L,,71,76,-5,,
2016-17,2017-03-16,,Virginia,24,,North Carolina-Wilmington,,W,,76,71,5,,
2016-17,2017-03-16,,Bucknell,,,West Virginia,13,L,,80,86,-6,,
2016-17,2017-03-16,,West Virginia,13,,Bucknell,,W,,86,80,6,,
2016-17,2017-03-16,,Virginia Tech,,,Wisconsin,25,L,,74,84,-10,,
2016-17,2017-03-16,,Wisconsin,25,,Virginia Tech,,W,,84,74,10,,
2016-17,2017-03-15,,UC-Davis,,,North Carolina Central,,W,,67,63,4,,
2016-17,2017-03-15,,North Carolina Central,,,UC-Davis,,L,,63,67,-4,,
2016-17,2017-03-15,,Providence,,,Southern California,,L,,71,75,-4,,
2016-17,2017-03-15,,Southern California,,,Providence,,W,,75,71,4,,
2016-17,2017-03-14,,Kansas State,,,Wake Forest,,W,,95,88,7,,
2016-17,2017-03-14,,Wake Forest,,,Kansas State,,L,,88,95,-7,,
2016-17,2017-03-14,,Mount St. Mary's,,,New Orleans,,W,,67,66,1,,
2016-17,2017-03-14,,New Orleans,,,Mount St. Mary's,,L,,66,67,-1,,
2015-16,2016-04-04,,North Carolina,3,,Villanova,6,L,,74,77,-3,,
2015-16,2016-04-04,,Villanova,6,,North Carolina,3,W,,77,74,3,,
2015-16,2016-04-02,,North Carolina,3,,Syracuse,,W,,83,66,17,,
2015-16,2016-04-02,,Syracuse,,,North Carolina,3,L,,66,83,-17,,
2015-16,2016-04-02,,Oklahoma,7,,Villanova,6,L,,51,95,-44,,
2015-16,2016-04-02,,Villanova,6,,Oklahoma,7,W,,95,51,44,,
2015-16,2016-03-27,,North Carolina,3,,Notre Dame,,W,,88,74,14,,
2015-16,2016-03-27,,Notre Dame,,,North Carolina,3,L,,74,88,-14,,
2015-16,2016-03-27,,Syracuse,,,Virginia,4,W,,68,62,6,,
2015-16,2016-03-27,,Virginia,4,,Syracuse,,L,,62,68,-6,,
2015-16,2016-03-26,,Kansas,1,,Villanova,6,L,,59,64,-5,,
2015-16,2016-03-26,,Villanova,6,,Kansas,1,W,,64,59,5,,
2015-16,2016-03-26,,Oklahoma,7,,Oregon,5,W,,80,68,12,,
2015-16,2016-03-26,,Oregon,5,,Oklahoma,7,L,,68,80,-12,,
2015-16,2016-03-25,,Indiana,14,,North Carolina,3,L,,86,101,-15,,
2015-16,2016-03-25,,North Carolina,3,,Indiana,14,W,,101,86,15,,
2015-16,2016-03-25,,Notre Dame,,,Wisconsin,,W,,61,56,5,,
2015-16,2016-03-25,,Wisconsin,,,Notre Dame,,L,,56,61,-5,,
2015-16,2016-03-25,,Gonzaga,,,Syracuse,,L,,60,63,-3,,
2015-16,2016-03-25,,Syracuse,,,Gonzaga,,W,,63,60,3,,
2015-16,2016-03-25,,Iowa State,22,,Virginia,4,L,,71,84,-13,,
2015-16,2016-03-25,,Virginia,4,,Iowa State,22,W,,84,71,13,,
2015-16,2016-03-24,,Kansas,1,,Maryland,18,W,,79,63,16,,
2015-16,2016-03-24,,Maryland,18,,Kansas,1,L,,63,79,-16,,
2015-16,2016-03-24,,Oklahoma,7,,Texas A&M,15,W,,77,63,14,,
2015-16,2016-03-24,,Texas A&M,15,,Oklahoma,7,L,,63,77,-14,,
2015-16,2016-03-24,,Duke,19,,Oregon,5,L,,68,82,-14,,
2015-16,2016-03-24,,Oregon,5,,Duke,19,W,,82,68,14,,
2015-16,2016-03-24,,Miami (FL),10,,Villanova,6,L,,69,92,-23,,
2015-16,2016-03-24,,Villanova,6,,Miami (FL),10,W,,92,69,23,,
2015-16,2016-03-20,,Hawaii,,,Maryland,18,L,,60,73,-13,,
2015-16,2016-03-20,,Maryland,18,,Hawaii,,W,,73,60,13,,
2015-16,2016-03-20,,Notre Dame,,,Stephen F. Austin,,W,,76,75,1,,
2015-16,2016-03-20,,Stephen F. Austin,,,Notre Dame,,L,,75,76,-1,,
2015-16,2016-03-20,,Oklahoma,7,,Virginia Commonwealth,,W,,85,81,4,,
2015-16,2016-03-20,,Virginia Commonwealth,,,Oklahoma,7,L,,81,85,-4,,
2015-16,2016-03-20,,Oregon,5,,Saint Joseph's,,W,,69,64,5,,
2015-16,2016-03-20,,Saint Joseph's,,,Oregon,5,L,,64,69,-5,,
2015-16,2016-03-20,,Middle Tennessee,,,Syracuse,,L,,50,75,-25,,
2015-16,2016-03-20,,Syracuse,,,Middle Tennessee,,W,,75,50,25,,
2015-16,2016-03-20,,Northern Iowa,,,Texas A&M,15,L,,88,92,-4,,2
2015-16,2016-03-20,,Texas A&M,15,,Northern Iowa,,W,,92,88,4,,2
2015-16,2016-03-20,,Iowa,25,,Villanova,6,L,,68,87,-19,,
2015-16,2016-03-20,,Villanova,6,,Iowa,25,W,,87,68,19,,
2015-16,2016-03-20,,Wisconsin,,,Xavier,9,W,,66,63,3,,
2015-16,2016-03-20,,Xavier,9,,Wisconsin,,L,,63,66,-3,,
2015-16,2016-03-19,,Duke,19,,Yale,,W,,71,64,7,,
2015-16,2016-03-19,,Yale,,,Duke,19,L,,64,71,-7,,
2015-16,2016-03-19,,Little Rock,,,Iowa State,22,L,,61,78,-17,,
2015-16,2016-03-19,,Iowa State,22,,Little Rock,,W,,78,61,17,,
2015-16,2016-03-19,,Connecticut,,,Kansas,1,L,,61,73,-12,,
2015-16,2016-03-19,,Kansas,1,,Connecticut,,W,,73,61,12,,
2015-16,2016-03-19,,Indiana,14,,Kentucky,10,W,,73,67,6,,
2015-16,2016-03-19,,Kentucky,10,,Indiana,14,L,,67,73,-6,,
2015-16,2016-03-19,,Miami (FL),10,,Wichita State,,W,,65,57,8,,
2015-16,2016-03-19,,Wichita State,,,Miami (FL),10,L,,57,65,-8,,
2015-16,2016-03-19,,North Carolina,3,,Providence,,W,,85,66,19,,
2015-16,2016-03-19,,Providence,,,North Carolina,3,L,,66,85,-19,,
2015-16,2016-03-19,,Gonzaga,,,Utah,13,W,,82,59,23,,
2015-16,2016-03-19,,Utah,13,,Gonzaga,,L,,59,82,-23,,
2015-16,2016-03-19,,Butler,,,Virginia,4,L,,69,77,-8,,
2015-16,2016-03-19,,Virginia,4,,Butler,,W,,77,69,8,,
2015-16,2016-03-18,,University of California,23,,Hawaii,,L,,66,77,-11,,
2015-16,2016-03-18,,Hawaii,,,University of California,23,W,,77,66,11,,
2015-16,2016-03-18,,Dayton,,,Syracuse,,L,,51,70,-19,,
2015-16,2016-03-18,,Syracuse,,,Dayton,,W,,70,51,19,,
2015-16,2016-03-18,,Iowa,25,,Temple,,W,,72,70,2,,1
2015-16,2016-03-18,,Temple,,,Iowa,25,L,,70,72,-2,,1
2015-16,2016-03-18,,Maryland,18,,South Dakota State,,W,,79,74,5,,
2015-16,2016-03-18,,South Dakota State,,,Maryland,18,L,,74,79,-5,,
2015-16,2016-03-18,,Michigan State,2,,Middle Tennessee,,L,,81,90,-9,,
2015-16,2016-03-18,,Middle Tennessee,,,Michigan State,2,W,,90,81,9,,
2015-16,2016-03-18,,Michigan,,,Notre Dame,,L,,63,70,-7,,
2015-16,2016-03-18,,Notre Dame,,,Michigan,,W,,70,63,7,,
2015-16,2016-03-18,,Cal State Bakersfield,,,Oklahoma,7,L,,68,82,-14,,
2015-16,2016-03-18,,Oklahoma,7,,Cal State Bakersfield,,W,,82,68,14,,
2015-16,2016-03-18,,Holy Cross,,,Oregon,5,L,,52,91,-39,,
2015-16,2016-03-18,,Oregon,5,,Holy Cross,,W,,91,52,39,,
2015-16,2016-03-18,,Oregon State,,,Virginia Commonwealth,,L,,67,75,-8,,
2015-16,2016-03-18,,Virginia Commonwealth,,,Oregon State,,W,,75,67,8,,
2015-16,2016-03-18,,Cincinnati,,,Saint Joseph's,,L,,76,78,-2,,
2015-16,2016-03-18,,Saint Joseph's,,,Cincinnati,,W,,78,76,2,,
2015-16,2016-03-18,,Northern Iowa,,,Texas,,W,,75,72,3,,
2015-16,2016-03-18,,Texas,,,Northern Iowa,,L,,72,75,-3,,
2015-16,2016-03-18,,Green Bay,,,Texas A&M,15,L,,65,92,-27,,
2015-16,2016-03-18,,Texas A&M,15,,Green Bay,,W,,92,65,27,,
2015-16,2016-03-18,,North Carolina-Asheville,,,Villanova,6,L,,56,86,-30,,
2015-16,2016-03-18,,Villanova,6,,North Carolina-Asheville,,W,,86,56,30,,
2015-16,2016-03-18,,Stephen F. Austin,,,West Virginia,8,W,,70,56,14,,
2015-16,2016-03-18,,West Virginia,8,,Stephen F. Austin,,L,,56,70,-14,,
2015-16,2016-03-18,,Pittsburgh,,,Wisconsin,,L,,43,47,-4,,
2015-16,2016-03-18,,Wisconsin,,,Pittsburgh,,W,,47,43,4,,
2015-16,2016-03-18,,Weber State,,,Xavier,9,L,,53,71,-18,,
2015-16,2016-03-18,,Xavier,9,,Weber State,,W,,71,53,18,,
2015-16,2016-03-17,,Arizona,17,,Wichita State,,L,,55,65,-10,,
2015-16,2016-03-17,,Wichita State,,,Arizona,17,W,,65,55,10,,
2015-16,2016-03-17,,Baylor,21,,Yale,,L,,75,79,-4,,
2015-16,2016-03-17,,Yale,,,Baylor,21,W,,79,75,4,,
2015-16,2016-03-17,,Colorado,,,Connecticut,,L,,67,74,-7,,
2015-16,2016-03-17,,Connecticut,,,Colorado,,W,,74,67,7,,
2015-16,2016-03-17,,Duke,19,,North Carolina-Wilmington,,W,,93,85,8,,
2015-16,2016-03-17,,North Carolina-Wilmington,,,Duke,19,L,,85,93,-8,,
2015-16,2016-03-17,,Chattanooga,,,Indiana,14,L,,74,99,-25,,
2015-16,2016-03-17,,Indiana,14,,Chattanooga,,W,,99,74,25,,
2015-16,2016-03-17,,Iona,,,Iowa State,22,L,,81,94,-13,,
2015-16,2016-03-17,,Iowa State,22,,Iona,,W,,94,81,13,,
2015-16,2016-03-17,,Austin Peay,,,Kansas,1,L,,79,105,-26,,
2015-16,2016-03-17,,Kansas,1,,Austin Peay,,W,,105,79,26,,
2015-16,2016-03-17,,Kentucky,10,,Stony Brook,,W,,85,57,28,,
2015-16,2016-03-17,,Stony Brook,,,Kentucky,10,L,,57,85,-28,,
2015-16,2016-03-17,,Buffalo,,,Miami (FL),10,L,,72,79,-7,,
2015-16,2016-03-17,,Miami (FL),10,,Buffalo,,W,,79,72,7,,
2015-16,2016-03-17,,Florida Gulf Coast,,,North Carolina,3,L,,67,83,-16,,
2015-16,2016-03-17,,North Carolina,3,,Florida Gulf Coast,,W,,83,67,16,,
2015-16,2016-03-17,,Little Rock,,,Purdue,12,W,,85,83,2,,2
2015-16,2016-03-17,,Purdue,12,,Little Rock,,L,,83,85,-2,,2
2015-16,2016-03-17,,Gonzaga,,,Seton Hall,20,W,,68,52,16,,
2015-16,2016-03-17,,Seton Hall,20,,Gonzaga,,L,,52,68,-16,,
2015-16,2016-03-17,,Providence,,,Southern California,,W,,70,69,1,,
2015-16,2016-03-17,,Southern California,,,Providence,,L,,69,70,-1,,
2015-16,2016-03-17,,Butler,,,Texas Tech,,W,,71,61,10,,
2015-16,2016-03-17,,Texas Tech,,,Butler,,L,,61,71,-10,,
2015-16,2016-03-17,,Fresno State,,,Utah,13,L,,69,80,-11,,
2015-16,2016-03-17,,Utah,13,,Fresno State,,W,,80,69,11,,
2015-16,2016-03-17,,Hampton,,,Virginia,4,L,,45,81,-36,,
2015-16,2016-03-17,,Virginia,4,,Hampton,,W,,81,45,36,,
2015-16,2016-03-16,,Holy Cross,,,Southern,,W,,59,55,4,,
2015-16,2016-03-16,,Southern,,,Holy Cross,,L,,55,59,-4,,
2015-16,2016-03-16,,Michigan,,,Tulsa,,W,,67,62,5,,
2015-16,2016-03-16,,Tulsa,,,Michigan,,L,,62,67,-5,,
2015-16,2016-03-15,,Fairleigh Dickinson,,,Florida Gulf Coast,,L,,65,96,-31,,
2015-16,2016-03-15,,Florida Gulf Coast,,,Fairleigh Dickinson,,W,,96,65,31,,
2015-16,2016-03-15,,Vanderbilt,,,Wichita State,,L,,50,70,-20,,
2015-16,2016-03-15,,Wichita State,,,Vanderbilt,,W,,70,50,20,,
2014-15,2015-04-06,,Duke,4,,Wisconsin,3,W,,68,63,5,,
2014-15,2015-04-06,,Wisconsin,3,,Duke,4,L,,63,68,-5,,
2014-15,2015-04-04,,Duke,4,,Michigan State,23,W,,81,61,20,,
2014-15,2015-04-04,,Michigan State,23,,Duke,4,L,,61,81,-20,,
2014-15,2015-04-04,,Kentucky,1,,Wisconsin,3,L,,64,71,-7,,
2014-15,2015-04-04,,Wisconsin,3,,Kentucky,1,W,,71,64,7,,
2014-15,2015-03-29,,Duke,4,,Gonzaga,7,W,,66,52,14,,
2014-15,2015-03-29,,Gonzaga,7,,Duke,4,L,,52,66,-14,,
2014-15,2015-03-29,,Louisville,17,,Michigan State,23,L,,70,76,-6,,1
2014-15,2015-03-29,,Michigan State,23,,Louisville,17,W,,76,70,6,,1
2014-15,2015-03-28,,Arizona,5,,Wisconsin,3,L,,78,85,-7,,
2014-15,2015-03-28,,Wisconsin,3,,Arizona,5,W,,85,78,7,,
2014-15,2015-03-28,,Kentucky,1,,Notre Dame,8,W,,68,66,2,,
2014-15,2015-03-28,,Notre Dame,8,,Kentucky,1,L,,66,68,-2,,
2014-15,2015-03-27,,Duke,4,,Utah,19,W,,63,57,6,,
2014-15,2015-03-27,,Utah,19,,Duke,4,L,,57,63,-6,,
2014-15,2015-03-27,,Gonzaga,7,,UCLA,,W,,74,62,12,,
2014-15,2015-03-27,,UCLA,,,Gonzaga,7,L,,62,74,-12,,
2014-15,2015-03-27,,Louisville,17,,North Carolina State,,W,,75,65,10,,
2014-15,2015-03-27,,North Carolina State,,,Louisville,17,L,,65,75,-10,,
2014-15,2015-03-27,,Michigan State,23,,Oklahoma,13,W,,62,58,4,,
2014-15,2015-03-27,,Oklahoma,13,,Michigan State,23,L,,58,62,-4,,
2014-15,2015-03-26,,Arizona,5,,Xavier,,W,,68,60,8,,
2014-15,2015-03-26,,Xavier,,,Arizona,5,L,,60,68,-8,,
2014-15,2015-03-26,,Kentucky,1,,West Virginia,20,W,,78,39,39,,
2014-15,2015-03-26,,West Virginia,20,,Kentucky,1,L,,39,78,-39,,
2014-15,2015-03-26,,North Carolina,15,,Wisconsin,3,L,,72,79,-7,,
2014-15,2015-03-26,,Wisconsin,3,,North Carolina,15,W,,79,72,7,,
2014-15,2015-03-26,,Notre Dame,8,,Wichita State,14,W,,81,70,11,,
2014-15,2015-03-26,,Wichita State,14,,Notre Dame,8,L,,70,81,-11,,
2014-15,2015-03-22,,Dayton,,,Oklahoma,13,L,,66,72,-6,,
2014-15,2015-03-22,,Oklahoma,13,,Dayton,,W,,72,66,6,,
2014-15,2015-03-22,,Duke,4,,San Diego State,,W,,68,49,19,,
2014-15,2015-03-22,,San Diego State,,,Duke,4,L,,49,68,-19,,
2014-15,2015-03-22,,Gonzaga,7,,Iowa,,W,,87,68,19,,
2014-15,2015-03-22,,Iowa,,,Gonzaga,7,L,,68,87,-19,,
2014-15,2015-03-22,,Kansas,10,,Wichita State,14,L,,65,78,-13,,
2014-15,2015-03-22,,Wichita State,14,,Kansas,10,W,,78,65,13,,
2014-15,2015-03-22,,Louisville,17,,Northern Iowa,11,W,,66,53,13,,
2014-15,2015-03-22,,Northern Iowa,11,,Louisville,17,L,,53,66,-13,,
2014-15,2015-03-22,,Maryland,12,,West Virginia,20,L,,59,69,-10,,
2014-15,2015-03-22,,West Virginia,20,,Maryland,12,W,,69,59,10,,
2014-15,2015-03-22,,Michigan State,23,,Virginia,6,W,,60,54,6,,
2014-15,2015-03-22,,Virginia,6,,Michigan State,23,L,,54,60,-6,,
2014-15,2015-03-22,,Oregon,,,Wisconsin,3,L,,65,72,-7,,
2014-15,2015-03-22,,Wisconsin,3,,Oregon,,W,,72,65,7,,
2014-15,2015-03-21,,Alabama-Birmingham,,,UCLA,,L,,75,92,-17,,
2014-15,2015-03-21,,UCLA,,,Alabama-Birmingham,,W,,92,75,17,,
2014-15,2015-03-21,,Arizona,5,,Ohio State,,W,,73,58,15,,
2014-15,2015-03-21,,Ohio State,,,Arizona,5,L,,58,73,-15,,
2014-15,2015-03-21,,Arkansas,21,,North Carolina,15,L,,78,87,-9,,
2014-15,2015-03-21,,North Carolina,15,,Arkansas,21,W,,87,78,9,,
2014-15,2015-03-21,,Butler,24,,Notre Dame,8,L,,64,67,-3,,1
2014-15,2015-03-21,,Notre Dame,8,,Butler,24,W,,67,64,3,,1
2014-15,2015-03-21,,Cincinnati,,,Kentucky,1,L,,51,64,-13,,
2014-15,2015-03-21,,Kentucky,1,,Cincinnati,,W,,64,51,13,,
2014-15,2015-03-21,,Georgetown,22,,Utah,19,L,,64,75,-11,,
2014-15,2015-03-21,,Utah,19,,Georgetown,22,W,,75,64,11,,
2014-15,2015-03-21,,Georgia State,,,Xavier,,L,,67,75,-8,,
2014-15,2015-03-21,,Xavier,,,Georgia State,,W,,75,67,8,,
2014-15,2015-03-21,,North Carolina State,,,Villanova,2,W,,71,68,3,,
2014-15,2015-03-21,,Villanova,2,,North Carolina State,,L,,68,71,-3,,
2014-15,2015-03-20,,Albany (NY),,,Oklahoma,13,L,,60,69,-9,,
2014-15,2015-03-20,,Oklahoma,13,,Albany (NY),,W,,69,60,9,,
2014-15,2015-03-20,,Belmont,,,Virginia,6,L,,67,79,-12,,
2014-15,2015-03-20,,Virginia,6,,Belmont,,W,,79,67,12,,
2014-15,2015-03-20,,Buffalo,,,West Virginia,20,L,,62,68,-6,,
2014-15,2015-03-20,,West Virginia,20,,Buffalo,,W,,68,62,6,,
2014-15,2015-03-20,,UC-Irvine,,,Louisville,17,L,,55,57,-2,,
2014-15,2015-03-20,,Louisville,17,,UC-Irvine,,W,,57,55,2,,
2014-15,2015-03-20,,Coastal Carolina,,,Wisconsin,3,L,,72,86,-14,,
2014-15,2015-03-20,,Wisconsin,3,,Coastal Carolina,,W,,86,72,14,,
2014-15,2015-03-20,,Davidson,,,Iowa,,L,,52,83,-31,,
2014-15,2015-03-20,,Iowa,,,Davidson,,W,,83,52,31,,
2014-15,2015-03-20,,Dayton,,,Providence,,W,,66,53,13,,
2014-15,2015-03-20,,Providence,,,Dayton,,L,,53,66,-13,,
2014-15,2015-03-20,,Duke,4,,Robert Morris,,W,,85,56,29,,
2014-15,2015-03-20,,Robert Morris,,,Duke,4,L,,56,85,-29,,
2014-15,2015-03-20,,Georgia,,,Michigan State,23,L,,63,70,-7,,
2014-15,2015-03-20,,Michigan State,23,,Georgia,,W,,70,63,7,,
2014-15,2015-03-20,,Gonzaga,7,,North Dakota State,,W,,86,76,10,,
2014-15,2015-03-20,,North Dakota State,,,Gonzaga,7,L,,76,86,-10,,
2014-15,2015-03-20,,Indiana,,,Wichita State,14,L,,76,81,-5,,
2014-15,2015-03-20,,Wichita State,14,,Indiana,,W,,81,76,5,,
2014-15,2015-03-20,,Kansas,10,,New Mexico State,,W,,75,56,19,,
2014-15,2015-03-20,,New Mexico State,,,Kansas,10,L,,56,75,-19,,
2014-15,2015-03-20,,Maryland,12,,Valparaiso,,W,,65,62,3,,
2014-15,2015-03-20,,Valparaiso,,,Maryland,12,L,,62,65,-3,,
2014-15,2015-03-20,,Northern Iowa,11,,Wyoming,,W,,71,54,17,,
2014-15,2015-03-20,,Wyoming,,,Northern Iowa,11,L,,54,71,-17,,
2014-15,2015-03-20,,Oklahoma State,,,Oregon,,L,,73,79,-6,,
2014-15,2015-03-20,,Oregon,,,Oklahoma State,,W,,79,73,6,,
2014-15,2015-03-20,,San Diego State,,,St. John's (NY),,W,,76,64,12,,
2014-15,2015-03-20,,St. John's (NY),,,San Diego State,,L,,64,76,-12,,
2014-15,2015-03-19,,Alabama-Birmingham,,,Iowa State,9,W,,60,59,1,,
2014-15,2015-03-19,,Iowa State,9,,Alabama-Birmingham,,L,,59,60,-1,,
2014-15,2015-03-19,,Arizona,5,,Texas Southern,,W,,93,72,21,,
2014-15,2015-03-19,,Texas Southern,,,Arizona,5,L,,72,93,-21,,
2014-15,2015-03-19,,Arkansas,21,,Wofford,,W,,56,53,3,,
2014-15,2015-03-19,,Wofford,,,Arkansas,21,L,,53,56,-3,,
2014-15,2015-03-19,,Baylor,16,,Georgia State,,L,,56,57,-1,,
2014-15,2015-03-19,,Georgia State,,,Baylor,16,W,,57,56,1,,
2014-15,2015-03-19,,Butler,24,,Texas,,W,,56,48,8,,
2014-15,2015-03-19,,Texas,,,Butler,24,L,,48,56,-8,,
2014-15,2015-03-19,,Cincinnati,,,Purdue,,W,,66,65,1,,1
2014-15,2015-03-19,,Purdue,,,Cincinnati,,L,,65,66,-1,,1
2014-15,2015-03-19,,Eastern Washington,,,Georgetown,22,L,,74,84,-10,,
2014-15,2015-03-19,,Georgetown,22,,Eastern Washington,,W,,84,74,10,,
2014-15,2015-03-19,,Hampton,,,Kentucky,1,L,,56,79,-23,,
2014-15,2015-03-19,,Kentucky,1,,Hampton,,W,,79,56,23,,
2014-15,2015-03-19,,Harvard,,,North Carolina,15,L,,65,67,-2,,
2014-15,2015-03-19,,North Carolina,15,,Harvard,,W,,67,65,2,,
2014-15,2015-03-19,,Lafayette,,,Villanova,2,L,,52,93,-41,,
2014-15,2015-03-19,,Villanova,2,,Lafayette,,W,,93,52,41,,
2014-15,2015-03-19,,Louisiana State,,,North Carolina State,,L,,65,66,-1,,
2014-15,2015-03-19,,North Carolina State,,,Louisiana State,,W,,66,65,1,,
2014-15,2015-03-19,,Mississippi,,,Xavier,,L,,57,76,-19,,
2014-15,2015-03-19,,Xavier,,,Mississippi,,W,,76,57,19,,
2014-15,2015-03-19,,Northeastern,,,Notre Dame,8,L,,65,69,-4,,
2014-15,2015-03-19,,Notre Dame,8,,Northeastern,,W,,69,65,4,,
2014-15,2015-03-19,,Ohio State,,,Virginia Commonwealth,25,W,,75,72,3,,1
2014-15,2015-03-19,,Virginia Commonwealth,25,,Ohio State,,L,,72,75,-3,,1
2014-15,2015-03-19,,Southern Methodist,18,,UCLA,,L,,59,60,-1,,
2014-15,2015-03-19,,UCLA,,,Southern Methodist,18,W,,60,59,1,,
2014-15,2015-03-19,,Stephen F. Austin,,,Utah,19,L,,50,57,-7,,
2014-15,2015-03-19,,Utah,19,,Stephen F. Austin,,W,,57,50,7,,
2014-15,2015-03-18,,Boise State,,,Dayton,,L,,55,56,-1,,
2014-15,2015-03-18,,Dayton,,,Boise State,,W,,56,55,1,,
2014-15,2015-03-18,,North Florida,,,Robert Morris,,L,,77,81,-4,,
2014-15,2015-03-18,,Robert Morris,,,North Florida,,W,,81,77,4,,
2014-15,2015-03-17,,Brigham Young,,,Mississippi,,L,,90,94,-4,,
2014-15,2015-03-17,,Mississippi,,,Brigham Young,,W,,94,90,4,,
2014-15,2015-03-17,,Hampton,,,Manhattan,,W,,74,64,10,,
2014-15,2015-03-17,,Manhattan,,,Hampton,,L,,64,74,-10,,
2013-14,2014-04-07,,Connecticut,18,,Kentucky,,W,,60,54,6,,
2013-14,2014-04-07,,Kentucky,,,Connecticut,18,L,,54,60,-6,,
2013-14,2014-04-05,,Connecticut,18,,Florida,1,W,,63,53,10,,
2013-14,2014-04-05,,Florida,1,,Connecticut,18,L,,53,63,-10,,
2013-14,2014-04-05,,Kentucky,,,Wisconsin,12,W,,74,73,1,,
2013-14,2014-04-05,,Wisconsin,12,,Kentucky,,L,,73,74,-1,,
2013-14,2014-03-30,,Connecticut,18,,Michigan State,11,W,,60,54,6,,
2013-14,2014-03-30,,Michigan State,11,,Connecticut,18,L,,54,60,-6,,
2013-14,2014-03-30,,Kentucky,,,Michigan,7,W,,75,72,3,,
2013-14,2014-03-30,,Michigan,7,,Kentucky,,L,,72,75,-3,,
2013-14,2014-03-29,,Arizona,4,,Wisconsin,12,L,,63,64,-1,,1
2013-14,2014-03-29,,Wisconsin,12,,Arizona,4,W,,64,63,1,,1
2013-14,2014-03-29,,Dayton,,,Florida,1,L,,52,62,-10,,
2013-14,2014-03-29,,Florida,1,,Dayton,,W,,62,52,10,,
2013-14,2014-03-28,,Connecticut,18,,Iowa State,9,W,,81,76,5,,
2013-14,2014-03-28,,Iowa State,9,,Connecticut,18,L,,76,81,-5,,
2013-14,2014-03-28,,Kentucky,,,Louisville,5,W,,74,69,5,,
2013-14,2014-03-28,,Louisville,5,,Kentucky,,L,,69,74,-5,,
2013-14,2014-03-28,,Michigan,7,,Tennessee,,W,,73,71,2,,
2013-14,2014-03-28,,Tennessee,,,Michigan,7,L,,71,73,-2,,
2013-14,2014-03-28,,Michigan State,11,,Virginia,3,W,,61,59,2,,
2013-14,2014-03-28,,Virginia,3,,Michigan State,11,L,,59,61,-2,,
2013-14,2014-03-27,,Arizona,4,,San Diego State,13,W,,70,64,6,,
2013-14,2014-03-27,,San Diego State,13,,Arizona,4,L,,64,70,-6,,
2013-14,2014-03-27,,Baylor,23,,Wisconsin,12,L,,52,69,-17,,
2013-14,2014-03-27,,Wisconsin,12,,Baylor,23,W,,69,52,17,,
2013-14,2014-03-27,,Dayton,,,Stanford,,W,,82,72,10,,
2013-14,2014-03-27,,Stanford,,,Dayton,,L,,72,82,-10,,
2013-14,2014-03-27,,Florida,1,,UCLA,20,W,,79,68,11,,
2013-14,2014-03-27,,UCLA,20,,Florida,1,L,,68,79,-11,,
2013-14,2014-03-23,,Arizona,4,,Gonzaga,,W,,84,61,23,,
2013-14,2014-03-23,,Gonzaga,,,Arizona,4,L,,61,84,-23,,
2013-14,2014-03-23,,Baylor,23,,Creighton,16,W,,85,55,30,,
2013-14,2014-03-23,,Creighton,16,,Baylor,23,L,,55,85,-30,,
2013-14,2014-03-23,,Iowa State,9,,North Carolina,19,W,,85,83,2,,
2013-14,2014-03-23,,North Carolina,19,,Iowa State,9,L,,83,85,-2,,
2013-14,2014-03-23,,Kansas,10,,Stanford,,L,,57,60,-3,,
2013-14,2014-03-23,,Stanford,,,Kansas,10,W,,60,57,3,,
2013-14,2014-03-23,,Kentucky,,,Wichita State,2,W,,78,76,2,,
2013-14,2014-03-23,,Wichita State,2,,Kentucky,,L,,76,78,-2,,
2013-14,2014-03-23,,Memphis,,,Virginia,3,L,,60,78,-18,,
2013-14,2014-03-23,,Virginia,3,,Memphis,,W,,78,60,18,,
2013-14,2014-03-23,,Mercer,,,Tennessee,,L,,63,83,-20,,
2013-14,2014-03-23,,Tennessee,,,Mercer,,W,,83,63,20,,
2013-14,2014-03-23,,Stephen F. Austin,,,UCLA,20,L,,60,77,-17,,
2013-14,2014-03-23,,UCLA,20,,Stephen F. Austin,,W,,77,60,17,,
2013-14,2014-03-22,,Connecticut,18,,Villanova,6,W,,77,65,12,,
2013-14,2014-03-22,,Villanova,6,,Connecticut,18,L,,65,77,-12,,
2013-14,2014-03-22,,Dayton,,,Syracuse,14,W,,55,53,2,,
2013-14,2014-03-22,,Syracuse,14,,Dayton,,L,,53,55,-2,,
2013-14,2014-03-22,,Florida,1,,Pittsburgh,,W,,61,45,16,,
2013-14,2014-03-22,,Pittsburgh,,,Florida,1,L,,45,61,-16,,
2013-14,2014-03-22,,Harvard,,,Michigan State,11,L,,73,80,-7,,
2013-14,2014-03-22,,Michigan State,11,,Harvard,,W,,80,73,7,,
2013-14,2014-03-22,,Louisville,5,,Saint Louis,25,W,,66,51,15,,
2013-14,2014-03-22,,Saint Louis,25,,Louisville,5,L,,51,66,-15,,
2013-14,2014-03-22,,Michigan,7,,Texas,,W,,79,65,14,,
2013-14,2014-03-22,,Texas,,,Michigan,7,L,,65,79,-14,,
2013-14,2014-03-22,,North Dakota State,,,San Diego State,13,L,,44,63,-19,,
2013-14,2014-03-22,,San Diego State,13,,North Dakota State,,W,,63,44,19,,
2013-14,2014-03-22,,Oregon,,,Wisconsin,12,L,,77,85,-8,,
2013-14,2014-03-22,,Wisconsin,12,,Oregon,,W,,85,77,8,,
2013-14,2014-03-21,,Arizona,4,,Weber State,,W,,68,59,9,,
2013-14,2014-03-21,,Weber State,,,Arizona,4,L,,59,68,-9,,
2013-14,2014-03-21,,Baylor,23,,Nebraska,,W,,74,60,14,,
2013-14,2014-03-21,,Nebraska,,,Baylor,23,L,,60,74,-14,,
2013-14,2014-03-21,,Cal Poly,,,Wichita State,2,L,,37,64,-27,,
2013-14,2014-03-21,,Wichita State,2,,Cal Poly,,W,,64,37,27,,
2013-14,2014-03-21,,Coastal Carolina,,,Virginia,3,L,,59,70,-11,,
2013-14,2014-03-21,,Virginia,3,,Coastal Carolina,,W,,70,59,11,,
2013-14,2014-03-21,,Creighton,16,,Louisiana,,W,,76,66,10,,
2013-14,2014-03-21,,Louisiana,,,Creighton,16,L,,66,76,-10,,
2013-14,2014-03-21,,Duke,8,,Mercer,,L,,71,78,-7,,
2013-14,2014-03-21,,Mercer,,,Duke,8,W,,78,71,7,,
2013-14,2014-03-21,,Eastern Kentucky,,,Kansas,10,L,,69,80,-11,,
2013-14,2014-03-21,,Kansas,10,,Eastern Kentucky,,W,,80,69,11,,
2013-14,2014-03-21,,George Washington,,,Memphis,,L,,66,71,-5,,
2013-14,2014-03-21,,Memphis,,,George Washington,,W,,71,66,5,,
2013-14,2014-03-21,,Gonzaga,,,Oklahoma State,,W,,85,77,8,,
2013-14,2014-03-21,,Oklahoma State,,,Gonzaga,,L,,77,85,-8,,
2013-14,2014-03-21,,Iowa State,9,,North Carolina Central,,W,,93,75,18,,
2013-14,2014-03-21,,North Carolina Central,,,Iowa State,9,L,,75,93,-18,,
2013-14,2014-03-21,,Kansas State,,,Kentucky,,L,,49,56,-7,,
2013-14,2014-03-21,,Kentucky,,,Kansas State,,W,,56,49,7,,
2013-14,2014-03-21,,Massachusetts,,,Tennessee,,L,,67,86,-19,,
2013-14,2014-03-21,,Tennessee,,,Massachusetts,,W,,86,67,19,,
2013-14,2014-03-21,,New Mexico,17,,Stanford,,L,,53,58,-5,,
2013-14,2014-03-21,,Stanford,,,New Mexico,17,W,,58,53,5,,
2013-14,2014-03-21,,North Carolina,19,,Providence,,W,,79,77,2,,
2013-14,2014-03-21,,Providence,,,North Carolina,19,L,,77,79,-2,,
2013-14,2014-03-21,,Stephen F. Austin,,,Virginia Commonwealth,24,W,,77,75,2,,1
2013-14,2014-03-21,,Virginia Commonwealth,24,,Stephen F. Austin,,L,,75,77,-2,,1
2013-14,2014-03-21,,Tulsa,,,UCLA,20,L,,59,76,-17,,
2013-14,2014-03-21,,UCLA,20,,Tulsa,,W,,76,59,17,,
2013-14,2014-03-20,,Albany (NY),,,Florida,1,L,,55,67,-12,,
2013-14,2014-03-20,,Florida,1,,Albany (NY),,W,,67,55,12,,
2013-14,2014-03-20,,American,,,Wisconsin,12,L,,35,75,-40,,
2013-14,2014-03-20,,Wisconsin,12,,American,,W,,75,35,40,,
2013-14,2014-03-20,,Arizona State,,,Texas,,L,,85,87,-2,,
2013-14,2014-03-20,,Texas,,,Arizona State,,W,,87,85,2,,
2013-14,2014-03-20,,Brigham Young,,,Oregon,,L,,68,87,-19,,
2013-14,2014-03-20,,Oregon,,,Brigham Young,,W,,87,68,19,,
2013-14,2014-03-20,,Cincinnati,15,,Harvard,,L,,57,61,-4,,
2013-14,2014-03-20,,Harvard,,,Cincinnati,15,W,,61,57,4,,
2013-14,2014-03-20,,Colorado,,,Pittsburgh,,L,,48,77,-29,,
2013-14,2014-03-20,,Pittsburgh,,,Colorado,,W,,77,48,29,,
2013-14,2014-03-20,,Connecticut,18,,Saint Joseph's,,W,,89,81,8,,1
2013-14,2014-03-20,,Saint Joseph's,,,Connecticut,18,L,,81,89,-8,,1
2013-14,2014-03-20,,Dayton,,,Ohio State,22,W,,60,59,1,,
2013-14,2014-03-20,,Ohio State,22,,Dayton,,L,,59,60,-1,,
2013-14,2014-03-20,,Delaware,,,Michigan State,11,L,,78,93,-15,,
2013-14,2014-03-20,,Michigan State,11,,Delaware,,W,,93,78,15,,
2013-14,2014-03-20,,Louisville,5,,Manhattan,,W,,71,64,7,,
2013-14,2014-03-20,,Manhattan,,,Louisville,5,L,,64,71,-7,,
2013-14,2014-03-20,,Michigan,7,,Wofford,,W,,57,40,17,,
2013-14,2014-03-20,,Wofford,,,Michigan,7,L,,40,57,-17,,
2013-14,2014-03-20,,Milwaukee,,,Villanova,6,L,,53,73,-20,,
2013-14,2014-03-20,,Villanova,6,,Milwaukee,,W,,73,53,20,,
2013-14,2014-03-20,,New Mexico State,,,San Diego State,13,L,,69,73,-4,,1
2013-14,2014-03-20,,San Diego State,13,,New Mexico State,,W,,73,69,4,,1
2013-14,2014-03-20,,North Carolina State,,,Saint Louis,25,L,,80,83,-3,,1
2013-14,2014-03-20,,Saint Louis,25,,North Carolina State,,W,,83,80,3,,1
2013-14,2014-03-20,,North Dakota State,,,Oklahoma,21,W,,80,75,5,,1
2013-14,2014-03-20,,Oklahoma,21,,North Dakota State,,L,,75,80,-5,,1
2013-14,2014-03-20,,Syracuse,14,,Western Michigan,,W,,77,53,24,,
2013-14,2014-03-20,,Western Michigan,,,Syracuse,14,L,,53,77,-24,,
2013-14,2014-03-19,,Cal Poly,,,Texas Southern,,W,,81,69,12,,
2013-14,2014-03-19,,Texas Southern,,,Cal Poly,,L,,69,81,-12,,
2013-14,2014-03-19,,Iowa,,,Tennessee,,L,,65,78,-13,,1
2013-14,2014-03-19,,Tennessee,,,Iowa,,W,,78,65,13,,1
2013-14,2014-03-18,,Albany (NY),,,Mount St. Mary's,,W,,71,64,7,,
2013-14,2014-03-18,,Mount St. Mary's,,,Albany (NY),,L,,64,71,-7,,
2013-14,2014-03-18,,North Carolina State,,,Xavier,,W,,74,59,15,,
2013-14,2014-03-18,,Xavier,,,North Carolina State,,L,,59,74,-15,,
2012-13,2013-04-08,,Louisville,2,,Michigan,10,W,,82,76,6,,
2012-13,2013-04-08,,Michigan,10,,Louisville,2,L,,76,82,-6,,
2012-13,2013-04-06,,Louisville,2,,Wichita State,,W,,72,68,4,,
2012-13,2013-04-06,,Wichita State,,,Louisville,2,L,,68,72,-4,,
2012-13,2013-04-06,,Michigan,10,,Syracuse,16,W,,61,56,5,,
2012-13,2013-04-06,,Syracuse,16,,Michigan,10,L,,56,61,-5,,
2012-13,2013-03-31,,Duke,6,,Louisville,2,L,,63,85,-22,,
2012-13,2013-03-31,,Louisville,2,,Duke,6,W,,85,63,22,,
2012-13,2013-03-31,,Florida,14,,Michigan,10,L,,59,79,-20,,
2012-13,2013-03-31,,Michigan,10,,Florida,14,W,,79,59,20,,
2012-13,2013-03-30,,Marquette,15,,Syracuse,16,L,,39,55,-16,,
2012-13,2013-03-30,,Syracuse,16,,Marquette,15,W,,55,39,16,,
2012-13,2013-03-30,,Ohio State,7,,Wichita State,,L,,66,70,-4,,
2012-13,2013-03-30,,Wichita State,,,Ohio State,7,W,,70,66,4,,
2012-13,2013-03-29,,Duke,6,,Michigan State,9,W,,71,61,10,,
2012-13,2013-03-29,,Michigan State,9,,Duke,6,L,,61,71,-10,,
2012-13,2013-03-29,,Florida,14,,Florida Gulf Coast,,W,,62,50,12,,
2012-13,2013-03-29,,Florida Gulf Coast,,,Florida,14,L,,50,62,-12,,
2012-13,2013-03-29,,Kansas,3,,Michigan,10,L,,85,87,-2,,1
2012-13,2013-03-29,,Michigan,10,,Kansas,3,W,,87,85,2,,1
2012-13,2013-03-29,,Louisville,2,,Oregon,25,W,,77,69,8,,
2012-13,2013-03-29,,Oregon,25,,Louisville,2,L,,69,77,-8,,
2012-13,2013-03-28,,Arizona,21,,Ohio State,7,L,,70,73,-3,,
2012-13,2013-03-28,,Ohio State,7,,Arizona,21,W,,73,70,3,,
2012-13,2013-03-28,,Indiana,4,,Syracuse,16,L,,50,61,-11,,
2012-13,2013-03-28,,Syracuse,16,,Indiana,4,W,,61,50,11,,
2012-13,2013-03-28,,La Salle,,,Wichita State,,L,,58,72,-14,,
2012-13,2013-03-28,,Wichita State,,,La Salle,,W,,72,58,14,,
2012-13,2013-03-28,,Marquette,15,,Miami (FL),5,W,,71,61,10,,
2012-13,2013-03-28,,Miami (FL),5,,Marquette,15,L,,61,71,-10,,
2012-13,2013-03-24,,Creighton,22,,Duke,6,L,,50,66,-16,,
2012-13,2013-03-24,,Duke,6,,Creighton,22,W,,66,50,16,,
2012-13,2013-03-24,,Florida,14,,Minnesota,,W,,78,64,14,,
2012-13,2013-03-24,,Minnesota,,,Florida,14,L,,64,78,-14,,
2012-13,2013-03-24,,Florida Gulf Coast,,,San Diego State,,W,,81,71,10,,
2012-13,2013-03-24,,San Diego State,,,Florida Gulf Coast,,L,,71,81,-10,,
2012-13,2013-03-24,,Illinois,,,Miami (FL),5,L,,59,63,-4,,
2012-13,2013-03-24,,Miami (FL),5,,Illinois,,W,,63,59,4,,
2012-13,2013-03-24,,Indiana,4,,Temple,,W,,58,52,6,,
2012-13,2013-03-24,,Temple,,,Indiana,4,L,,52,58,-6,,
2012-13,2013-03-24,,Iowa State,,,Ohio State,7,L,,75,78,-3,,
2012-13,2013-03-24,,Ohio State,7,,Iowa State,,W,,78,75,3,,
2012-13,2013-03-24,,Kansas,3,,North Carolina,,W,,70,58,12,,
2012-13,2013-03-24,,North Carolina,,,Kansas,3,L,,58,70,-12,,
2012-13,2013-03-24,,La Salle,,,Mississippi,,W,,76,74,2,,
2012-13,2013-03-24,,Mississippi,,,La Salle,,L,,74,76,-2,,
2012-13,2013-03-23,,Arizona,21,,Harvard,,W,,74,51,23,,
2012-13,2013-03-23,,Harvard,,,Arizona,21,L,,51,74,-23,,
2012-13,2013-03-23,,Butler,,,Marquette,15,L,,72,74,-2,,
2012-13,2013-03-23,,Marquette,15,,Butler,,W,,74,72,2,,
2012-13,2013-03-23,,University of California,,,Syracuse,16,L,,60,66,-6,,
2012-13,2013-03-23,,Syracuse,16,,University of California,,W,,66,60,6,,
2012-13,2013-03-23,,Colorado State,,,Louisville,2,L,,56,82,-26,,
2012-13,2013-03-23,,Louisville,2,,Colorado State,,W,,82,56,26,,
2012-13,2013-03-23,,Gonzaga,1,,Wichita State,,L,,70,76,-6,,
2012-13,2013-03-23,,Wichita State,,,Gonzaga,1,W,,76,70,6,,
2012-13,2013-03-23,,Memphis,19,,Michigan State,9,L,,48,70,-22,,
2012-13,2013-03-23,,Michigan State,9,,Memphis,19,W,,70,48,22,,
2012-13,2013-03-23,,Michigan,10,,Virginia Commonwealth,,W,,78,53,25,,
2012-13,2013-03-23,,Virginia Commonwealth,,,Michigan,10,L,,53,78,-25,,
2012-13,2013-03-23,,Oregon,25,,Saint Louis,13,W,,74,57,17,,
2012-13,2013-03-23,,Saint Louis,13,,Oregon,25,L,,57,74,-17,,
2012-13,2013-03-22,,Albany (NY),,,Duke,6,L,,61,73,-12,,
2012-13,2013-03-22,,Duke,6,,Albany (NY),,W,,73,61,12,,
2012-13,2013-03-22,,Cincinnati,,,Creighton,22,L,,63,67,-4,,
2012-13,2013-03-22,,Creighton,22,,Cincinnati,,W,,67,63,4,,
2012-13,2013-03-22,,Colorado,,,Illinois,,L,,49,57,-8,,
2012-13,2013-03-22,,Illinois,,,Colorado,,W,,57,49,8,,
2012-13,2013-03-22,,Florida,14,,Northwestern State,,W,,79,47,32,,
2012-13,2013-03-22,,Northwestern State,,,Florida,14,L,,47,79,-32,,
2012-13,2013-03-22,,Florida Gulf Coast,,,Georgetown,8,W,,78,68,10,,
2012-13,2013-03-22,,Georgetown,8,,Florida Gulf Coast,,L,,68,78,-10,,
2012-13,2013-03-22,,Indiana,4,,James Madison,,W,,83,62,21,,
2012-13,2013-03-22,,James Madison,,,Indiana,4,L,,62,83,-21,,
2012-13,2013-03-22,,Iona,,,Ohio State,7,L,,70,95,-25,,
2012-13,2013-03-22,,Ohio State,7,,Iona,,W,,95,70,25,,
2012-13,2013-03-22,,Iowa State,,,Notre Dame,23,W,,76,58,18,,
2012-13,2013-03-22,,Notre Dame,23,,Iowa State,,L,,58,76,-18,,
2012-13,2013-03-22,,Kansas,3,,Western Kentucky,,W,,64,57,7,,
2012-13,2013-03-22,,Western Kentucky,,,Kansas,3,L,,57,64,-7,,
2012-13,2013-03-22,,Kansas State,12,,La Salle,,L,,61,63,-2,,
2012-13,2013-03-22,,La Salle,,,Kansas State,12,W,,63,61,2,,
2012-13,2013-03-22,,Miami (FL),5,,Pacific,,W,,78,49,29,,
2012-13,2013-03-22,,Pacific,,,Miami (FL),5,L,,49,78,-29,,
2012-13,2013-03-22,,Minnesota,,,UCLA,24,W,,83,63,20,,
2012-13,2013-03-22,,UCLA,24,,Minnesota,,L,,63,83,-20,,
2012-13,2013-03-22,,Mississippi,,,Wisconsin,18,W,,57,46,11,,
2012-13,2013-03-22,,Wisconsin,18,,Mississippi,,L,,46,57,-11,,
2012-13,2013-03-22,,North Carolina,,,Villanova,,W,,78,71,7,,
2012-13,2013-03-22,,Villanova,,,North Carolina,,L,,71,78,-7,,
2012-13,2013-03-22,,North Carolina State,,,Temple,,L,,72,76,-4,,
2012-13,2013-03-22,,Temple,,,North Carolina State,,W,,76,72,4,,
2012-13,2013-03-22,,Oklahoma,,,San Diego State,,L,,55,70,-15,,
2012-13,2013-03-22,,San Diego State,,,Oklahoma,,W,,70,55,15,,
2012-13,2013-03-21,,Akron,,,Virginia Commonwealth,,L,,42,88,-46,,
2012-13,2013-03-21,,Virginia Commonwealth,,,Akron,,W,,88,42,46,,
2012-13,2013-03-21,,Arizona,21,,Belmont,,W,,81,64,17,,
2012-13,2013-03-21,,Belmont,,,Arizona,21,L,,64,81,-17,,
2012-13,2013-03-21,,Bucknell,,,Butler,,L,,56,68,-12,,
2012-13,2013-03-21,,Butler,,,Bucknell,,W,,68,56,12,,
2012-13,2013-03-21,,University of California,,,Nevada-Las Vegas,,W,,64,61,3,,
2012-13,2013-03-21,,Nevada-Las Vegas,,,University of California,,L,,61,64,-3,,
2012-13,2013-03-21,,Colorado State,,,Missouri,,W,,84,72,12,,
2012-13,2013-03-21,,Missouri,,,Colorado State,,L,,72,84,-12,,
2012-13,2013-03-21,,Davidson,,,Marquette,15,L,,58,59,-1,,
2012-13,2013-03-21,,Marquette,15,,Davidson,,W,,59,58,1,,
2012-13,2013-03-21,,Gonzaga,1,,Southern,,W,,64,58,6,,
2012-13,2013-03-21,,Southern,,,Gonzaga,1,L,,58,64,-6,,
2012-13,2013-03-21,,Harvard,,,New Mexico,10,W,,68,62,6,,
2012-13,2013-03-21,,New Mexico,10,,Harvard,,L,,62,68,-6,,
2012-13,2013-03-21,,Louisville,2,,North Carolina A&T,,W,,79,48,31,,
2012-13,2013-03-21,,North Carolina A&T,,,Louisville,2,L,,48,79,-31,,
2012-13,2013-03-21,,Memphis,19,,Saint Mary's (CA),,W,,54,52,2,,
2012-13,2013-03-21,,Saint Mary's (CA),,,Memphis,19,L,,52,54,-2,,
2012-13,2013-03-21,,Michigan,10,,South Dakota State,,W,,71,56,15,,
2012-13,2013-03-21,,South Dakota State,,,Michigan,10,L,,56,71,-15,,
2012-13,2013-03-21,,Michigan State,9,,Valparaiso,,W,,65,54,11,,
2012-13,2013-03-21,,Valparaiso,,,Michigan State,9,L,,54,65,-11,,
2012-13,2013-03-21,,Montana,,,Syracuse,16,L,,34,81,-47,,
2012-13,2013-03-21,,Syracuse,16,,Montana,,W,,81,34,47,,
2012-13,2013-03-21,,New Mexico State,,,Saint Louis,13,L,,44,64,-20,,
2012-13,2013-03-21,,Saint Louis,13,,New Mexico State,,W,,64,44,20,,
2012-13,2013-03-21,,Oklahoma State,17,,Oregon,25,L,,55,68,-13,,
2012-13,2013-03-21,,Oregon,25,,Oklahoma State,17,W,,68,55,13,,
2012-13,2013-03-21,,Pittsburgh,20,,Wichita State,,L,,55,73,-18,,
2012-13,2013-03-21,,Wichita State,,,Pittsburgh,20,W,,73,55,18,,
2012-13,2013-03-20,,Boise State,,,La Salle,,L,,71,80,-9,,
2012-13,2013-03-20,,La Salle,,,Boise State,,W,,80,71,9,,
2012-13,2013-03-20,,James Madison,,,Long Island University,,W,,68,55,13,,
2012-13,2013-03-20,,Long Island University,,,James Madison,,L,,55,68,-13,,
2012-13,2013-03-19,,Liberty,,,North Carolina A&T,,L,,72,73,-1,,
2012-13,2013-03-19,,North Carolina A&T,,,Liberty,,W,,73,72,1,,
2012-13,2013-03-19,,Middle Tennessee,,,Saint Mary's (CA),,L,,54,67,-13,,
2012-13,2013-03-19,,Saint Mary's (CA),,,Middle Tennessee,,W,,67,54,13,,
2011-12,2012-04-02,,Kansas,6,,Kentucky,1,L,,59,67,-8,,
2011-12,2012-04-02,,Kentucky,1,,Kansas,6,W,,67,59,8,,
2011-12,2012-03-31,,Kansas,6,,Ohio State,7,W,,64,62,2,,
2011-12,2012-03-31,,Ohio State,7,,Kansas,6,L,,62,64,-2,,
2011-12,2012-03-31,,Kentucky,1,,Louisville,17,W,,69,61,8,,
2011-12,2012-03-31,,Louisville,17,,Kentucky,1,L,,61,69,-8,,
2011-12,2012-03-25,,Baylor,9,,Kentucky,1,L,,70,82,-12,,
2011-12,2012-03-25,,Kentucky,1,,Baylor,9,W,,82,70,12,,
2011-12,2012-03-25,,Kansas,6,,North Carolina,4,W,,80,67,13,,
2011-12,2012-03-25,,North Carolina,4,,Kansas,6,L,,67,80,-13,,
2011-12,2012-03-24,,Florida,25,,Louisville,17,L,,68,72,-4,,
2011-12,2012-03-24,,Louisville,17,,Florida,25,W,,72,68,4,,
2011-12,2012-03-24,,Ohio State,7,,Syracuse,2,W,,77,70,7,,
2011-12,2012-03-24,,Syracuse,2,,Ohio State,7,L,,70,77,-7,,
2011-12,2012-03-23,,Baylor,9,,Xavier,,W,,75,70,5,,
2011-12,2012-03-23,,Xavier,,,Baylor,9,L,,70,75,-5,,
2011-12,2012-03-23,,Indiana,16,,Kentucky,1,L,,90,102,-12,,
2011-12,2012-03-23,,Kentucky,1,,Indiana,16,W,,102,90,12,,
2011-12,2012-03-23,,Kansas,6,,North Carolina State,,W,,60,57,3,,
2011-12,2012-03-23,,North Carolina State,,,Kansas,6,L,,57,60,-3,,
2011-12,2012-03-23,,North Carolina,4,,Ohio,,W,,73,65,8,,1
2011-12,2012-03-23,,Ohio,,,North Carolina,4,L,,65,73,-8,,1
2011-12,2012-03-22,,Cincinnati,,,Ohio State,7,L,,66,81,-15,,
2011-12,2012-03-22,,Ohio State,7,,Cincinnati,,W,,81,66,15,,
2011-12,2012-03-22,,Florida,25,,Marquette,11,W,,68,58,10,,
2011-12,2012-03-22,,Marquette,11,,Florida,25,L,,58,68,-10,,
2011-12,2012-03-22,,Louisville,17,,Michigan State,5,W,,57,44,13,,
2011-12,2012-03-22,,Michigan State,5,,Louisville,17,L,,44,57,-13,,
2011-12,2012-03-22,,Syracuse,2,,Wisconsin,14,W,,64,63,1,,
2011-12,2012-03-22,,Wisconsin,14,,Syracuse,2,L,,63,64,-1,,
2011-12,2012-03-18,,Cincinnati,,,Florida State,10,W,,62,56,6,,
2011-12,2012-03-18,,Florida State,10,,Cincinnati,,L,,56,62,-6,,
2011-12,2012-03-18,,Creighton,19,,North Carolina,4,L,,73,87,-14,,
2011-12,2012-03-18,,North Carolina,4,,Creighton,19,W,,87,73,14,,
2011-12,2012-03-18,,Florida,25,,Norfolk State,,W,,84,50,34,,
2011-12,2012-03-18,,Norfolk State,,,Florida,25,L,,50,84,-34,,
2011-12,2012-03-18,,Georgetown,15,,North Carolina State,,L,,63,66,-3,,
2011-12,2012-03-18,,North Carolina State,,,Georgetown,15,W,,66,63,3,,
2011-12,2012-03-18,,Kansas,6,,Purdue,,W,,63,60,3,,
2011-12,2012-03-18,,Purdue,,,Kansas,6,L,,60,63,-3,,
2011-12,2012-03-18,,Lehigh,,,Xavier,,L,,58,70,-12,,
2011-12,2012-03-18,,Xavier,,,Lehigh,,W,,70,58,12,,
2011-12,2012-03-18,,Michigan State,5,,Saint Louis,,W,,65,61,4,,
2011-12,2012-03-18,,Saint Louis,,,Michigan State,5,L,,61,65,-4,,
2011-12,2012-03-18,,Ohio,,,South Florida,,W,,62,56,6,,
2011-12,2012-03-18,,South Florida,,,Ohio,,L,,56,62,-6,,
2011-12,2012-03-17,,Baylor,9,,Colorado,,W,,80,63,17,,
2011-12,2012-03-17,,Colorado,,,Baylor,9,L,,63,80,-17,,
2011-12,2012-03-17,,Gonzaga,,,Ohio State,7,L,,66,73,-7,,
2011-12,2012-03-17,,Ohio State,7,,Gonzaga,,W,,73,66,7,,
2011-12,2012-03-17,,Indiana,16,,Virginia Commonwealth,,W,,63,61,2,,
2011-12,2012-03-17,,Virginia Commonwealth,,,Indiana,16,L,,61,63,-2,,
2011-12,2012-03-17,,Iowa State,,,Kentucky,1,L,,71,87,-16,,
2011-12,2012-03-17,,Kentucky,1,,Iowa State,,W,,87,71,16,,
2011-12,2012-03-17,,Kansas State,,,Syracuse,2,L,,59,75,-16,,
2011-12,2012-03-17,,Syracuse,2,,Kansas State,,W,,75,59,16,,
2011-12,2012-03-17,,Louisville,17,,New Mexico,21,W,,59,56,3,,
2011-12,2012-03-17,,New Mexico,21,,Louisville,17,L,,56,59,-3,,
2011-12,2012-03-17,,Marquette,11,,Murray State,12,W,,62,53,9,,
2011-12,2012-03-17,,Murray State,12,,Marquette,11,L,,53,62,-9,,
2011-12,2012-03-17,,Vanderbilt,20,,Wisconsin,14,L,,57,60,-3,,
2011-12,2012-03-17,,Wisconsin,14,,Vanderbilt,20,W,,60,57,3,,
2011-12,2012-03-16,,Alabama,,,Creighton,19,L,,57,58,-1,,
2011-12,2012-03-16,,Creighton,19,,Alabama,,W,,58,57,1,,
2011-12,2012-03-16,,Belmont,,,Georgetown,15,L,,59,74,-15,,
2011-12,2012-03-16,,Georgetown,15,,Belmont,,W,,74,59,15,,
2011-12,2012-03-16,,Cincinnati,,,Texas,,W,,65,59,6,,
2011-12,2012-03-16,,Texas,,,Cincinnati,,L,,59,65,-6,,
2011-12,2012-03-16,,Detroit Mercy,,,Kansas,6,L,,50,65,-15,,
2011-12,2012-03-16,,Kansas,6,,Detroit Mercy,,W,,65,50,15,,
2011-12,2012-03-16,,Duke,8,,Lehigh,,L,,70,75,-5,,
2011-12,2012-03-16,,Lehigh,,,Duke,8,W,,75,70,5,,
2011-12,2012-03-16,,Florida,25,,Virginia,,W,,71,45,26,,
2011-12,2012-03-16,,Virginia,,,Florida,25,L,,45,71,-26,,
2011-12,2012-03-16,,Florida State,10,,St. Bonaventure,,W,,66,63,3,,
2011-12,2012-03-16,,St. Bonaventure,,,Florida State,10,L,,63,66,-3,,
2011-12,2012-03-16,,Long Island University,,,Michigan State,5,L,,67,89,-22,,
2011-12,2012-03-16,,Michigan State,5,,Long Island University,,W,,89,67,22,,
2011-12,2012-03-16,,Memphis,,,Saint Louis,,L,,54,61,-7,,
2011-12,2012-03-16,,Saint Louis,,,Memphis,,W,,61,54,7,,
2011-12,2012-03-16,,Michigan,13,,Ohio,,L,,60,65,-5,,
2011-12,2012-03-16,,Ohio,,,Michigan,13,W,,65,60,5,,
2011-12,2012-03-16,,Missouri,3,,Norfolk State,,L,,84,86,-2,,
2011-12,2012-03-16,,Norfolk State,,,Missouri,3,W,,86,84,2,,
2011-12,2012-03-16,,North Carolina,4,,Vermont,,W,,77,58,19,,
2011-12,2012-03-16,,Vermont,,,North Carolina,4,L,,58,77,-19,,
2011-12,2012-03-16,,North Carolina State,,,San Diego State,22,W,,79,65,14,,
2011-12,2012-03-16,,San Diego State,22,,North Carolina State,,L,,65,79,-14,,
2011-12,2012-03-16,,Notre Dame,,,Xavier,,L,,63,67,-4,,
2011-12,2012-03-16,,Xavier,,,Notre Dame,,W,,67,63,4,,
2011-12,2012-03-16,,Purdue,,,Saint Mary's (CA),24,W,,72,69,3,,
2011-12,2012-03-16,,Saint Mary's (CA),24,,Purdue,,L,,69,72,-3,,
2011-12,2012-03-16,,South Florida,,,Temple,,W,,58,44,14,,
2011-12,2012-03-16,,Temple,,,South Florida,,L,,44,58,-14,,
2011-12,2012-03-15,,Baylor,9,,South Dakota State,,W,,68,60,8,,
2011-12,2012-03-15,,South Dakota State,,,Baylor,9,L,,60,68,-8,,
2011-12,2012-03-15,,Brigham Young,,,Marquette,11,L,,68,88,-20,,
2011-12,2012-03-15,,Marquette,11,,Brigham Young,,W,,88,68,20,,
2011-12,2012-03-15,,Colorado,,,Nevada-Las Vegas,23,W,,68,64,4,,
2011-12,2012-03-15,,Nevada-Las Vegas,23,,Colorado,,L,,64,68,-4,,
2011-12,2012-03-15,,Colorado State,,,Murray State,12,L,,41,58,-17,,
2011-12,2012-03-15,,Murray State,12,,Colorado State,,W,,58,41,17,,
2011-12,2012-03-15,,Connecticut,,,Iowa State,,L,,64,77,-13,,
2011-12,2012-03-15,,Iowa State,,,Connecticut,,W,,77,64,13,,
2011-12,2012-03-15,,Davidson,,,Louisville,17,L,,62,69,-7,,
2011-12,2012-03-15,,Louisville,17,,Davidson,,W,,69,62,7,,
2011-12,2012-03-15,,Gonzaga,,,West Virginia,,W,,77,54,23,,
2011-12,2012-03-15,,West Virginia,,,Gonzaga,,L,,54,77,-23,,
2011-12,2012-03-15,,Harvard,,,Vanderbilt,20,L,,70,79,-9,,
2011-12,2012-03-15,,Vanderbilt,20,,Harvard,,W,,79,70,9,,
2011-12,2012-03-15,,Indiana,16,,New Mexico State,,W,,79,66,13,,
2011-12,2012-03-15,,New Mexico State,,,Indiana,16,L,,66,79,-13,,
2011-12,2012-03-15,,Kansas State,,,Southern Mississippi,,W,,70,64,6,,
2011-12,2012-03-15,,Southern Mississippi,,,Kansas State,,L,,64,70,-6,,
2011-12,2012-03-15,,Kentucky,1,,Western Kentucky,,W,,81,66,15,,
2011-12,2012-03-15,,Western Kentucky,,,Kentucky,1,L,,66,81,-15,,
2011-12,2012-03-15,,Cal State Long Beach,,,New Mexico,21,L,,68,75,-7,,
2011-12,2012-03-15,,New Mexico,21,,Cal State Long Beach,,W,,75,68,7,,
2011-12,2012-03-15,,Loyola (MD),,,Ohio State,7,L,,59,78,-19,,
2011-12,2012-03-15,,Ohio State,7,,Loyola (MD),,W,,78,59,19,,
2011-12,2012-03-15,,Montana,,,Wisconsin,14,L,,49,73,-24,,
2011-12,2012-03-15,,Wisconsin,14,,Montana,,W,,73,49,24,,
2011-12,2012-03-15,,North Carolina-Asheville,,,Syracuse,2,L,,65,72,-7,,
2011-12,2012-03-15,,Syracuse,2,,North Carolina-Asheville,,W,,72,65,7,,
2011-12,2012-03-15,,Virginia Commonwealth,,,Wichita State,18,W,,62,59,3,,
2011-12,2012-03-15,,Wichita State,18,,Virginia Commonwealth,,L,,59,62,-3,,
2011-12,2012-03-14,,University of California,,,South Florida,,L,,54,65,-11,,
2011-12,2012-03-14,,South Florida,,,University of California,,W,,65,54,11,,
2011-12,2012-03-14,,Lamar,,,Vermont,,L,,59,71,-12,,
2011-12,2012-03-14,,Vermont,,,Lamar,,W,,71,59,12,,
2011-12,2012-03-13,,Brigham Young,,,Iona,,W,,78,72,6,,
2011-12,2012-03-13,,Iona,,,Brigham Young,,L,,72,78,-6,,
2011-12,2012-03-13,,Mississippi Valley State,,,Western Kentucky,,L,,58,59,-1,,
2011-12,2012-03-13,,Western Kentucky,,,Mississippi Valley State,,W,,59,58,1,,
2010-11,2011-04-04,,Butler,,,Connecticut,9,L,,41,53,-12,,
2010-11,2011-04-04,,Connecticut,9,,Butler,,W,,53,41,12,,
2010-11,2011-04-02,,Butler,,,Virginia Commonwealth,,W,,70,62,8,,
2010-11,2011-04-02,,Virginia Commonwealth,,,Butler,,L,,62,70,-8,,
2010-11,2011-04-02,,Connecticut,9,,Kentucky,11,W,,56,55,1,,
2010-11,2011-04-02,,Kentucky,11,,Connecticut,9,L,,55,56,-1,,
2010-11,2011-03-27,,Kansas,2,,Virginia Commonwealth,,L,,61,71,-10,,
2010-11,2011-03-27,,Virginia Commonwealth,,,Kansas,2,W,,71,61,10,,
2010-11,2011-03-27,,Kentucky,11,,North Carolina,7,W,,76,69,7,,
2010-11,2011-03-27,,North Carolina,7,,Kentucky,11,L,,69,76,-7,,
2010-11,2011-03-26,,Arizona,17,,Connecticut,9,L,,63,65,-2,,
2010-11,2011-03-26,,Connecticut,9,,Arizona,17,W,,65,63,2,,
2010-11,2011-03-26,,Butler,,,Florida,15,W,,74,71,3,,1
2010-11,2011-03-26,,Florida,15,,Butler,,L,,71,74,-3,,1
2010-11,2011-03-25,,Florida State,,,Virginia Commonwealth,,L,,71,72,-1,,1
2010-11,2011-03-25,,Virginia Commonwealth,,,Florida State,,W,,72,71,1,,1
2010-11,2011-03-25,,Kansas,2,,Richmond,,W,,77,57,20,,
2010-11,2011-03-25,,Richmond,,,Kansas,2,L,,57,77,-20,,
2010-11,2011-03-25,,Kentucky,11,,Ohio State,1,W,,62,60,2,,
2010-11,2011-03-25,,Ohio State,1,,Kentucky,11,L,,60,62,-2,,
2010-11,2011-03-25,,Marquette,,,North Carolina,7,L,,63,81,-18,,
2010-11,2011-03-25,,North Carolina,7,,Marquette,,W,,81,63,18,,
2010-11,2011-03-24,,Arizona,17,,Duke,3,W,,93,77,16,,
2010-11,2011-03-24,,Duke,3,,Arizona,17,L,,77,93,-16,,
2010-11,2011-03-24,,Brigham Young,10,,Florida,15,L,,74,83,-9,,1
2010-11,2011-03-24,,Florida,15,,Brigham Young,10,W,,83,74,9,,1
2010-11,2011-03-24,,Butler,,,Wisconsin,16,W,,61,54,7,,
2010-11,2011-03-24,,Wisconsin,16,,Butler,,L,,54,61,-7,,
2010-11,2011-03-24,,Connecticut,9,,San Diego State,6,W,,74,67,7,,
2010-11,2011-03-24,,San Diego State,6,,Connecticut,9,L,,67,74,-7,,
2010-11,2011-03-20,,Arizona,17,,Texas,8,W,,70,69,1,,
2010-11,2011-03-20,,Texas,8,,Arizona,17,L,,69,70,-1,,
2010-11,2011-03-20,,Duke,3,,Michigan,,W,,73,71,2,,
2010-11,2011-03-20,,Michigan,,,Duke,3,L,,71,73,-2,,
2010-11,2011-03-20,,Florida State,,,Notre Dame,5,W,,71,57,14,,
2010-11,2011-03-20,,Notre Dame,5,,Florida State,,L,,57,71,-14,,
2010-11,2011-03-20,,George Mason,,,Ohio State,1,L,,66,98,-32,,
2010-11,2011-03-20,,Ohio State,1,,George Mason,,W,,98,66,32,,
2010-11,2011-03-20,,Illinois,,,Kansas,2,L,,59,73,-14,,
2010-11,2011-03-20,,Kansas,2,,Illinois,,W,,73,59,14,,
2010-11,2011-03-20,,Marquette,,,Syracuse,12,W,,66,62,4,,
2010-11,2011-03-20,,Syracuse,12,,Marquette,,L,,62,66,-4,,
2010-11,2011-03-20,,North Carolina,7,,Washington,23,W,,86,83,3,,
2010-11,2011-03-20,,Washington,23,,North Carolina,7,L,,83,86,-3,,
2010-11,2011-03-20,,Purdue,13,,Virginia Commonwealth,,L,,76,94,-18,,
2010-11,2011-03-20,,Virginia Commonwealth,,,Purdue,13,W,,94,76,18,,
2010-11,2011-03-19,,Brigham Young,10,,Gonzaga,,W,,89,67,22,,
2010-11,2011-03-19,,Gonzaga,,,Brigham Young,10,L,,67,89,-22,,
2010-11,2011-03-19,,Butler,,,Pittsburgh,4,W,,71,70,1,,
2010-11,2011-03-19,,Pittsburgh,4,,Butler,,L,,70,71,-1,,
2010-11,2011-03-19,,Cincinnati,,,Connecticut,9,L,,58,69,-11,,
2010-11,2011-03-19,,Connecticut,9,,Cincinnati,,W,,69,58,11,,
2010-11,2011-03-19,,Florida,15,,UCLA,,W,,73,65,8,,
2010-11,2011-03-19,,UCLA,,,Florida,15,L,,65,73,-8,,
2010-11,2011-03-19,,Kansas State,21,,Wisconsin,16,L,,65,70,-5,,
2010-11,2011-03-19,,Wisconsin,16,,Kansas State,21,W,,70,65,5,,
2010-11,2011-03-19,,Kentucky,11,,West Virginia,22,W,,71,63,8,,
2010-11,2011-03-19,,West Virginia,22,,Kentucky,11,L,,63,71,-8,,
2010-11,2011-03-19,,Morehead State,,,Richmond,,L,,48,65,-17,,
2010-11,2011-03-19,,Richmond,,,Morehead State,,W,,65,48,17,,
2010-11,2011-03-19,,San Diego State,6,,Temple,,W,,71,64,7,,2
2010-11,2011-03-19,,Temple,,,San Diego State,6,L,,64,71,-7,,2
2010-11,2011-03-18,,Akron,,,Notre Dame,5,L,,56,69,-13,,
2010-11,2011-03-18,,Notre Dame,5,,Akron,,W,,69,56,13,,
2010-11,2011-03-18,,Arizona,17,,Memphis,,W,,77,75,2,,
2010-11,2011-03-18,,Memphis,,,Arizona,17,L,,75,77,-2,,
2010-11,2011-03-18,,Boston University,,,Kansas,2,L,,53,72,-19,,
2010-11,2011-03-18,,Kansas,2,,Boston University,,W,,72,53,19,,
2010-11,2011-03-18,,Duke,3,,Hampton,,W,,87,45,42,,
2010-11,2011-03-18,,Hampton,,,Duke,3,L,,45,87,-42,,
2010-11,2011-03-18,,Florida State,,,Texas A&M,24,W,,57,50,7,,
2010-11,2011-03-18,,Texas A&M,24,,Florida State,,L,,50,57,-7,,
2010-11,2011-03-18,,George Mason,,,Villanova,,W,,61,57,4,,
2010-11,2011-03-18,,Villanova,,,George Mason,,L,,57,61,-4,,
2010-11,2011-03-18,,Georgetown,,,Virginia Commonwealth,,L,,56,74,-18,,
2010-11,2011-03-18,,Virginia Commonwealth,,,Georgetown,,W,,74,56,18,,
2010-11,2011-03-18,,Georgia,,,Washington,23,L,,65,68,-3,,
2010-11,2011-03-18,,Washington,23,,Georgia,,W,,68,65,3,,
2010-11,2011-03-18,,Illinois,,,Nevada-Las Vegas,,W,,73,62,11,,
2010-11,2011-03-18,,Nevada-Las Vegas,,,Illinois,,L,,62,73,-11,,
2010-11,2011-03-18,,Indiana State,,,Syracuse,12,L,,60,77,-17,,
2010-11,2011-03-18,,Syracuse,12,,Indiana State,,W,,77,60,17,,
2010-11,2011-03-18,,Long Island University,,,North Carolina,7,L,,87,102,-15,,
2010-11,2011-03-18,,North Carolina,7,,Long Island University,,W,,102,87,15,,
2010-11,2011-03-18,,Marquette,,,Xavier,20,W,,66,55,11,,
2010-11,2011-03-18,,Xavier,20,,Marquette,,L,,55,66,-11,,
2010-11,2011-03-18,,Michigan,,,Tennessee,,W,,75,45,30,,
2010-11,2011-03-18,,Tennessee,,,Michigan,,L,,45,75,-30,,
2010-11,2011-03-18,,Oakland,,,Texas,8,L,,81,85,-4,,
2010-11,2011-03-18,,Texas,8,,Oakland,,W,,85,81,4,,
2010-11,2011-03-18,,Ohio State,1,,Texas-San Antonio,,W,,75,46,29,,
2010-11,2011-03-18,,Texas-San Antonio,,,Ohio State,1,L,,46,75,-29,,
2010-11,2011-03-18,,Purdue,13,,Saint Peter's,,W,,65,43,22,,
2010-11,2011-03-18,,Saint Peter's,,,Purdue,13,L,,43,65,-22,,
2010-11,2011-03-17,,Belmont,,,Wisconsin,16,L,,58,72,-14,,
2010-11,2011-03-17,,Wisconsin,16,,Belmont,,W,,72,58,14,,
2010-11,2011-03-17,,Brigham Young,10,,Wofford,,W,,74,66,8,,
2010-11,2011-03-17,,Wofford,,,Brigham Young,10,L,,66,74,-8,,
2010-11,2011-03-17,,Bucknell,,,Connecticut,9,L,,52,81,-29,,
2010-11,2011-03-17,,Connecticut,9,,Bucknell,,W,,81,52,29,,
2010-11,2011-03-17,,Butler,,,Old Dominion,,W,,60,58,2,,
2010-11,2011-03-17,,Old Dominion,,,Butler,,L,,58,60,-2,,
2010-11,2011-03-17,,UC-Santa Barbara,,,Florida,15,L,,51,79,-28,,
2010-11,2011-03-17,,Florida,15,,UC-Santa Barbara,,W,,79,51,28,,
2010-11,2011-03-17,,Cincinnati,,,Missouri,,W,,78,63,15,,
2010-11,2011-03-17,,Missouri,,,Cincinnati,,L,,63,78,-15,,
2010-11,2011-03-17,,Clemson,,,West Virginia,22,L,,76,84,-8,,
2010-11,2011-03-17,,West Virginia,22,,Clemson,,W,,84,76,8,,
2010-11,2011-03-17,,Gonzaga,,,St. John's (NY),18,W,,86,71,15,,
2010-11,2011-03-17,,St. John's (NY),18,,Gonzaga,,L,,71,86,-15,,
2010-11,2011-03-17,,Kansas State,21,,Utah State,19,W,,73,68,5,,
2010-11,2011-03-17,,Utah State,19,,Kansas State,21,L,,68,73,-5,,
2010-11,2011-03-17,,Kentucky,11,,Princeton,,W,,59,57,2,,
2010-11,2011-03-17,,Princeton,,,Kentucky,11,L,,57,59,-2,,
2010-11,2011-03-17,,Louisville,14,,Morehead State,,L,,61,62,-1,,
2010-11,2011-03-17,,Morehead State,,,Louisville,14,W,,62,61,1,,
2010-11,2011-03-17,,Michigan State,,,UCLA,,L,,76,78,-2,,
2010-11,2011-03-17,,UCLA,,,Michigan State,,W,,78,76,2,,
2010-11,2011-03-17,,North Carolina-Asheville,,,Pittsburgh,4,L,,51,74,-23,,
2010-11,2011-03-17,,Pittsburgh,4,,North Carolina-Asheville,,W,,74,51,23,,
2010-11,2011-03-17,,Northern Colorado,,,San Diego State,6,L,,50,68,-18,,
2010-11,2011-03-17,,San Diego State,6,,Northern Colorado,,W,,68,50,18,,
2010-11,2011-03-17,,Penn State,,,Temple,,L,,64,66,-2,,
2010-11,2011-03-17,,Temple,,,Penn State,,W,,66,64,2,,
2010-11,2011-03-17,,Richmond,,,Vanderbilt,25,W,,69,66,3,,
2010-11,2011-03-17,,Vanderbilt,25,,Richmond,,L,,66,69,-3,,
2010-11,2011-03-16,,Alabama State,,,Texas-San Antonio,,L,,61,70,-9,,
2010-11,2011-03-16,,Texas-San Antonio,,,Alabama State,,W,,70,61,9,,
2010-11,2011-03-16,,Southern California,,,Virginia Commonwealth,,L,,46,59,-13,,
2010-11,2011-03-16,,Virginia Commonwealth,,,Southern California,,W,,59,46,13,,
2010-11,2011-03-15,,Alabama-Birmingham,,,Clemson,,L,,52,70,-18,,
2010-11,2011-03-15,,Clemson,,,Alabama-Birmingham,,W,,70,52,18,,
2010-11,2011-03-15,,Little Rock,,,North Carolina-Asheville,,L,,77,81,-4,,1
2010-11,2011-03-15,,North Carolina-Asheville,,,Little Rock,,W,,81,77,4,,1